Time (s),Speed (m/s),Gear,Engine Load (% of Max Power),Total Acc (m/s^2),Engine RPM,Pitch (deg),Lateral Acc (m/s^2),Passenger Count,Load Ind,AC Level,Window Opening,Radio Volume,Rain Intensity,Visibility,Driver Wellbeing,Driver Rush
100.01,7.1899,2,15.307,1.0767,2056.7,-2.6982,-1.0461,0,3,0,5,6,0,9,5,0
100.02,7.202,2,15.302,1.0694,2060.3,-2.7062,-1.0335,0,3,0,5,6,0,9,5,0
100.03,7.2178,2,15.293,1.0619,2063.8,-2.7141,-1.0358,0,3,0,5,6,0,9,5,0
100.04,7.2328,2,15.282,1.0542,2067.4,-2.6602,-1.0307,0,3,0,5,6,0,9,5,0
100.05,7.2477,2,15.268,1.0464,2071.0,-2.6672,-1.0328,0,3,0,5,6,0,9,5,0
100.06,7.2657,2,15.25,1.0384,2074.6,-2.6742,-0.96997,0,3,0,5,6,0,9,5,0
100.07,7.2805,2,15.23,1.0301,2078.1,-2.6811,-0.97195,0,3,0,5,6,0,9,5,0
100.08,7.2905,2,15.207,1.0213,2081.7,-2.6879,-0.92225,0,3,0,5,6,0,9,5,0
100.09,7.3044,2,15.18,1.0117,2085.2,-2.6947,-0.924,0,3,0,5,6,0,9,5,0
100.11,7.3207,2,15.151,1.0011,2088.6,-2.7015,-0.86751,0,3,0,5,6,0,9,5,0
100.11,7.3335,2,15.119,0.98927,2092.0,-2.7081,-0.86902,0,3,0,5,6,0,9,5,0
100.12,7.3471,2,15.083,0.97594,2095.4,-2.7148,-0.84859,0,3,0,5,6,0,9,5,0
100.13,7.3654,2,15.045,0.96093,2098.7,-2.7213,-0.8507,0,3,0,5,6,0,9,5,0
100.14,7.3787,2,15.003,0.94416,2102.0,-2.7279,-0.77846,0,3,0,5,6,0,9,5,0
100.16,7.3909,2,14.959,0.92561,2105.2,-2.7343,-0.77974,0,3,0,5,6,0,9,5,0
100.17,7.4066,2,14.911,0.90535,2108.4,-2.7407,-0.69252,0,3,0,5,6,0,9,5,0
100.18,7.4201,2,14.861,0.88355,2111.5,-2.7471,-0.69378,0,3,0,5,6,0,9,5,0
100.18,7.4323,2,14.807,0.86045,2114.6,-2.7534,-0.68005,0,3,0,5,6,0,9,5,0
100.19,7.4441,2,14.75,0.83633,2117.7,-2.7596,-0.68113,0,3,0,5,6,0,9,5,0
100.2,7.4545,2,14.691,0.81153,2120.7,-2.7658,-0.69699,0,3,0,5,6,0,9,5,0
100.21,7.4673,2,14.628,0.78637,2123.6,-2.7719,-0.69819,0,3,0,5,6,0,9,5,0
100.22,7.476,2,14.563,0.76117,2126.6,-2.7779,-0.6392,0,3,0,5,6,0,9,5,0
100.23,7.4878,2,14.494,0.7362,2129.4,-2.7839,-0.64021,0,3,0,5,6,0,9,5,0
100.24,7.4983,2,14.422,0.71168,2132.3,-2.7899,-0.6486,0,3,0,5,6,0,9,5,0
100.25,7.5072,2,14.348,0.68778,2135.1,-2.7958,-0.64938,0,3,0,5,6,0,9,5,0
100.26,7.5139,2,14.27,0.6646,2137.8,-2.8772,-0.64995,0,3,0,5,6,0,9,5,0
100.27,7.524,2,14.189,0.64217,2140.5,-2.882,-0.65083,0,3,0,5,6,0,9,5,0
100.28,7.5341,2,14.105,0.62048,2143.2,-2.8868,-0.57636,0,3,0,5,6,0,9,5,0
100.29,7.5455,2,14.019,0.59947,2145.8,-2.8915,-0.57723,0,3,0,5,6,0,9,5,0
100.3,7.5509,2,13.929,0.57887,2148.4,-2.8961,-0.62295,0,3,0,5,6,0,9,5,0
100.31,7.5646,2,13.836,0.55879,2150.9,-2.9007,-0.62408,0,3,0,5,6,0,9,5,0
100.32,7.5765,2,13.74,0.53914,2153.4,-2.9053,-0.57202,0,3,0,5,6,0,9,5,0
100.33,7.5871,2,13.641,0.51984,2155.9,-2.9098,-0.57282,0,3,0,5,6,0,9,5,0
100.34,7.5991,2,13.539,0.50085,2158.3,-2.9142,-0.55094,0,3,0,5,6,0,9,5,0
100.35,7.6126,2,13.434,0.48213,2160.6,-2.9186,-0.55191,0,3,0,5,6,0,9,5,0
100.36,7.6225,2,13.327,0.46369,2163.0,-2.9229,-0.52214,0,3,0,5,6,0,9,5,0
100.37,7.6289,2,13.216,0.44555,2165.2,-2.9272,-0.52258,0,3,0,5,6,0,9,5,0
100.38,7.6434,2,13.105,0.42776,2167.5,-2.9314,-0.46242,0,3,0,5,6,0,9,5,0
100.39,7.6578,2,12.994,0.41039,2169.7,-2.9356,-0.4633,0,3,0,5,6,0,9,5,0
100.4,7.6648,2,12.883,0.39354,2171.8,-2.9397,-0.39474,0,3,0,5,6,0,9,5,0
100.41,7.6726,2,12.772,0.37729,2173.9,-2.9438,-0.39514,0,3,0,5,6,0,9,5,0
100.42,7.6809,2,12.661,0.36172,2176.0,-2.9478,-0.34948,0,3,0,5,6,0,9,5,0
100.43,7.6901,2,12.55,0.34642,2178.0,-2.9518,-0.3499,0,3,0,5,6,0,9,5,0
100.44,7.6987,2,12.439,0.3319,2179.9,-2.9557,-0.2887,0,3,0,5,6,0,9,5,0
100.45,7.711,2,12.328,0.31818,2181.9,-2.9596,-0.28916,0,3,0,5,6,0,9,5,0
100.47,7.7206,2,12.217,0.30521,2183.8,-2.9634,-0.22004,0,3,0,5,6,0,9,5,0
100.47,7.7226,2,12.106,0.29292,2185.6,-2.9672,-0.2201,0,3,0,5,6,0,9,5,0
100.48,7.7293,2,11.995,0.28119,2187.4,-2.9709,-0.20483,0,3,0,5,6,0,9,5,0
100.49,7.7399,2,11.884,0.26988,2189.2,-2.9746,-0.20511,0,3,0,5,6,0,9,5,0
100.5,7.75,2,11.773,0.2588,2190.9,-2.9782,-0.17438,0,3,0,5,6,0,9,5,0
100.51,7.7542,2,11.665,0.24775,2192.5,-2.9818,-0.17447,0,3,0,5,6,0,9,5,0
100.52,7.7627,2,11.559,0.23679,2194.2,-2.9853,-0.15913,0,3,0,5,6,0,9,5,0
100.53,7.7707,2,11.456,0.2255,2195.7,-2.9888,-0.1593,0,3,0,5,6,0,9,5,0
100.55,7.7778,2,11.355,0.21372,2197.3,-2.9922,-0.20611,0,3,0,5,6,0,9,5,0
100.55,7.7802,2,11.257,0.20136,2198.8,-2.9956,-0.20617,0,3,0,5,6,0,9,5,0
100.56,7.787,2,11.161,0.18836,2200.2,-2.9989,-0.20636,0,3,0,5,6,0,9,5,0
100.58,7.7899,2,11.068,0.17473,2201.6,-3.0022,-0.20643,0,3,0,5,6,0,9,5,0
100.58,7.7892,2,10.977,0.16051,2203.0,-3.0055,-0.20641,0,3,0,5,6,0,9,5,0
100.59,7.7924,2,10.889,0.14579,2204.4,-3.0087,-0.2065,0,3,0,5,6,0,9,5,0
100.61,7.8038,2,10.804,0.13071,2205.7,-3.0118,-0.16778,0,3,0,5,6,0,9,5,0
100.61,7.8105,2,10.721,0.11539,2207.1,-3.0149,-0.16793,0,3,0,5,6,0,9,5,0
100.62,7.8188,2,10.64,0.099949,2208.5,-3.018,-0.10555,0,3,0,5,6,0,9,5,0
100.63,7.8244,2,10.562,0.084515,2209.8,-3.021,-0.10563,0,3,0,5,6,0,9,5,0
100.64,7.8265,2,10.487,0.06917,2211.2,-3.0239,-0.11348,0,3,0,5,6,0,9,5,0
100.65,7.8304,2,10.414,0.053972,2212.6,-3.0268,-0.11354,0,3,0,5,6,0,9,5,0
100.66,7.8397,2,10.344,0.038908,2213.9,-3.0297,-0.066637,0,3,0,5,6,0,9,5,0
100.67,7.8469,2,10.276,0.024025,2215.3,-3.0325,-0.066698,0,3,0,5,6,0,9,5,0
100.68,7.8546,2,10.21,0.009316,2216.7,-3.1768,0.0432,0,3,0,5,6,0,9,5,0
100.69,7.8594,2,10.148,-0.0052262,2218.0,-3.1813,0.043226,0,3,0,5,6,0,9,5,0
100.7,7.864,2,10.088,-0.019597,2219.4,-3.1858,0.0983,0,3,0,5,6,0,9,5,0
100.71,7.8659,2,10.03,-0.033774,2220.8,-3.1903,0.098324,0,3,0,5,6,0,9,5,0
100.72,7.868,2,9.9747,-0.047707,2222.1,-3.1947,0.12195,0,3,0,5,6,0,9,5,0
100.73,7.8771,2,9.9222,-0.061323,2223.5,-3.1991,0.1221,0,3,0,5,6,0,9,5,0
100.74,7.8876,2,9.8721,-0.074533,2224.9,-3.2034,0.19325,0,3,0,5,6,0,9,5,0
100.75,7.896,2,9.8246,-0.087234,2226.4,-3.2077,0.19345,0,3,0,5,6,0,9,5,0
100.76,7.8961,2,9.7796,-0.099329,2227.9,-3.212,0.22504,0,3,0,5,6,0,9,5,0
100.77,7.8948,2,9.7372,-0.11073,2229.4,-3.2162,0.225,0,3,0,5,6,0,9,5,0
100.78,7.9011,2,9.6973,-0.12139,2231.0,-3.2205,0.24888,0,3,0,5,6,0,9,5,0
100.79,7.9103,2,9.6599,-0.13124,2232.6,-3.2246,0.24918,0,3,0,5,6,0,9,5,0
100.8,7.9149,2,9.6251,-0.14028,2234.2,-3.2288,0.27306,0,3,0,5,6,0,9,5,0
100.81,7.9157,2,9.5928,-0.1485,2235.8,-3.2329,0.27309,0,3,0,5,6,0,9,5,0
100.82,7.9186,2,9.5631,-0.15586,2237.5,-3.237,0.25735,0,3,0,5,6,0,9,5,0
100.83,7.9263,2,9.5359,-0.16233,2239.2,-3.241,0.2576,0,3,0,5,6,0,9,5,0
100.84,7.9302,2,9.5112,-0.16782,2241.0,-3.245,0.23394,0,3,0,5,6,0,9,5,0
100.85,7.9343,2,9.4891,-0.17217,2242.8,-3.249,0.23406,0,3,0,5,6,0,9,5,0
100.86,7.9374,2,9.4695,-0.17518,2244.6,-3.2529,0.23415,0,3,0,5,6,0,9,5,0
100.87,7.9389,2,9.4524,-0.17658,2246.4,-3.2568,0.2342,0,3,0,5,6,0,9,5,0
100.88,7.9402,2,9.4379,-0.17606,2248.3,-3.2607,0.21835,0,3,0,5,6,0,9,5,0
100.89,7.9442,2,9.4259,-0.17331,2250.2,-3.2645,0.21846,0,3,0,5,6,0,9,5,0
100.9,7.9491,2,9.4165,-0.16803,2252.1,-3.2683,0.27424,0,3,0,5,6,0,9,5,0
100.91,7.9547,2,9.4096,-0.15998,2254.1,-3.2841,0.27444,0,3,0,5,6,0,9,5,0
100.92,7.9574,2,9.4052,-0.14904,2256.1,-3.2877,0.38593,0,3,0,5,6,0,9,5,0
100.93,7.9584,2,9.4034,-0.13523,2258.1,-3.2913,0.38598,0,3,0,5,6,0,9,5,0
100.94,7.9618,2,9.4041,-0.11826,2260.2,-3.2948,0.42596,0,3,0,5,6,0,9,5,0
100.95,7.9659,2,9.4073,-0.098935,2262.3,-3.2983,0.42617,0,3,0,5,6,0,9,5,0
100.96,7.9652,2,9.4131,-0.077773,2264.4,-3.3018,0.49783,0,3,0,5,6,0,9,5,0
100.97,7.9675,2,9.4214,-0.055417,2266.6,-3.3052,0.49797,0,3,0,5,6,0,9,5,0
100.98,7.9773,2,9.4322,-0.032597,2268.8,-3.3086,0.58633,0,3,0,5,6,0,9,5,0
100.99,7.9778,2,9.4456,-0.010079,2271.0,-3.3119,0.58637,0,3,0,5,6,0,9,5,0
101.01,7.9701,2,9.4615,0.0114,2273.3,-3.3153,0.62565,0,3,0,5,6,0,9,5,0
101.01,7.9671,2,9.48,0.031185,2275.6,-3.3186,0.62542,0,3,0,5,6,0,9,5,0
101.02,7.9711,2,9.4985,0.048758,2277.9,-3.3219,0.67356,0,3,0,5,6,0,9,5,0
101.03,7.9742,2,9.5169,0.063773,2280.2,-3.3252,0.67382,0,3,0,5,6,0,9,5,0
101.04,7.9751,2,9.5354,0.076071,2282.6,-3.3284,0.8015,0,3,0,5,6,0,9,5,0
101.05,7.9761,2,9.5538,0.085682,2285.0,-3.3316,0.80159,0,3,0,5,6,0,9,5,0
101.06,7.9858,2,9.5723,0.092797,2287.5,-3.3348,0.80257,0,3,0,5,6,0,9,5,0
101.07,7.993,2,9.5908,0.097738,2290.0,-3.3379,0.8033,0,3,0,5,6,0,9,5,0
101.08,7.9896,2,9.6092,0.1016,2292.5,-3.3409,0.88285,0,3,0,5,6,0,9,5,0
101.09,7.9847,2,9.6277,0.10412,2295.0,-3.344,0.88231,0,3,0,5,6,0,9,5,0
101.1,7.9906,2,9.6462,0.10569,2297.6,-3.347,0.98683,0,3,0,5,6,0,9,5,0
101.11,8.0092,2,9.6646,0.10664,2300.2,-3.35,0.98913,0,3,0,5,6,0,9,5,0
101.12,8.0169,2,9.6831,0.10721,2302.8,-3.3529,1.0061,0,3,0,5,6,0,9,5,0
101.13,8.0164,2,9.7015,0.10751,2305.5,-3.3558,1.0061,0,3,0,5,6,0,9,5,0
101.14,8.016,2,9.72,0.10756,2308.2,-3.3587,1.1343,0,3,0,5,6,0,9,5,0
101.15,8.0225,2,9.7385,0.10731,2310.9,-3.3616,1.1352,0,3,0,5,6,0,9,5,0
101.16,8.03,2,9.7625,0.10662,2313.7,-3.3645,1.1603,0,3,0,5,6,0,9,5,0
101.17,8.038,2,9.792,0.10542,2316.5,-3.3673,1.1615,0,3,0,5,6,0,9,5,0
101.18,8.0556,2,9.8271,0.10356,2319.3,-3.37,1.2204,0,3,0,5,6,0,9,5,0
101.19,8.0733,2,9.8678,0.10101,2322.2,-3.3728,1.2231,0,3,0,5,6,0,9,5,0
101.2,8.0897,2,9.914,0.097802,2325.1,-3.3755,1.3874,0,3,0,5,6,0,9,5,0
101.21,8.1098,2,9.9658,0.094089,2328.0,-3.3781,1.3908,0,3,0,5,6,0,9,5,0
101.22,8.1271,2,10.023,0.090101,2331.0,-3.3808,1.5563,0,3,0,5,6,0,9,5,0
101.23,8.1435,2,10.086,0.086143,2333.9,-3.3834,1.5595,0,3,0,5,6,0,9,5,0
101.24,8.1664,2,10.154,0.082558,2336.9,-3.386,1.5965,0,3,0,5,6,0,9,5,0
101.25,8.1836,2,10.228,0.079695,2339.9,-3.3885,1.649,0,3,0,5,6,0,9,5,0
101.26,8.1987,2,10.308,0.077863,2342.9,-3.3911,1.7504,0,3,0,5,6,0,9,5,0
101.27,8.213,2,10.393,0.077302,2345.9,-3.3935,1.7535,0,3,0,5,6,0,9,5,0
101.28,8.2307,2,10.484,0.078145,2348.9,-3.396,1.7573,0,3,0,5,6,0,9,5,0
101.29,8.2399,2,10.58,0.080409,2351.9,-3.3985,1.7592,0,3,0,5,6,0,9,5,0
101.3,8.2458,2,10.681,0.083991,2354.9,-3.4009,1.7605,0,3,0,5,6,0,9,5,0
101.31,8.2554,2,10.789,0.088808,2357.9,-3.4033,1.7625,0,3,0,5,6,0,9,5,0
101.33,8.2631,2,10.902,0.094432,2360.8,-3.4056,1.7311,0,3,0,5,6,0,9,5,0
101.33,8.2597,2,11.02,0.10052,2363.8,-3.2003,1.7304,0,3,0,5,6,0,9,5,0
101.34,8.254,2,11.144,0.10672,2366.8,-3.2,1.6384,0,3,0,5,6,0,9,5,0
101.35,8.268,2,11.273,0.11272,2369.8,-3.1996,1.6412,0,3,0,5,6,0,9,5,0
101.36,8.2727,2,11.408,0.1183,2372.8,-3.1992,1.5511,0,3,0,5,6,0,9,5,0
101.37,8.2724,2,11.549,0.12337,2375.8,-3.1988,1.5511,0,3,0,5,6,0,9,5,0
101.38,8.2733,2,11.695,0.12796,2378.7,-3.1982,1.4437,0,3,0,5,6,0,9,5,0
101.39,8.2868,2,11.847,0.13229,2381.7,-3.1977,1.446,0,3,0,5,6,0,9,5,0
101.41,8.2942,2,12.004,0.13674,2384.6,-3.1971,1.3312,0,3,0,5,6,0,9,5,0
101.42,8.297,2,12.167,0.14184,2387.5,-3.1965,1.3317,0,3,0,5,6,0,9,5,0
101.43,8.302,2,12.335,0.14824,2390.3,-3.1958,1.2578,0,3,0,5,6,0,9,5,0
101.44,8.3051,2,12.509,0.15667,2393.2,-3.1951,1.2582,0,3,0,5,6,0,9,5,0
101.44,8.3117,2,12.688,0.16791,2396.1,-3.1943,1.1844,0,3,0,5,6,0,9,5,0
101.45,8.305,2,12.873,0.18268,2398.9,-3.1935,1.1835,0,3,0,5,6,0,9,5,0
101.46,8.3063,2,13.064,0.20161,2401.7,-3.1927,1.0507,0,3,0,5,6,0,9,5,0
101.47,8.3067,2,13.26,0.22518,2404.5,-3.1918,1.0508,0,3,0,5,6,0,9,5,0
101.48,8.3036,2,13.462,0.25362,2407.3,-3.1909,0.96737,0,3,0,5,6,0,9,5,0
101.49,8.2961,2,13.669,0.28693,2410.0,-3.19,0.96649,0,3,0,5,6,0,9,5,0
101.5,8.295,2,13.881,0.32479,2412.8,-3.189,0.94978,0,3,0,5,6,0,9,5,0
101.51,8.2958,2,14.1,0.3666,2415.5,-3.188,0.94987,0,3,0,5,6,0,9,5,0
101.52,8.2949,2,14.324,0.41144,2418.2,-3.1869,0.90829,0,3,0,5,6,0,9,5,0
101.53,8.2964,2,14.553,0.45818,2420.9,-3.1858,0.90845,0,3,0,5,6,0,9,5,0
101.54,8.298,2,14.788,0.50547,2423.5,-3.1847,0.86714,0,3,0,5,6,0,9,5,0
101.55,8.3005,2,15.028,0.55189,2426.2,-3.1836,0.8674,0,3,0,5,6,0,9,5,0
101.56,8.3086,2,15.274,0.59602,2428.8,-3.1433,0.83502,0,3,0,5,6,0,9,5,0
101.57,8.3157,2,15.526,0.63655,2431.4,-3.1426,0.83573,0,3,0,5,6,0,9,5,0
101.58,8.3231,2,15.783,0.67237,2434.0,-3.1418,0.81983,0,3,0,5,6,0,9,5,0
101.59,8.3335,2,16.046,0.70203,2436.6,-3.141,0.82085,0,3,0,5,6,0,9,5,0
101.6,8.3445,2,16.314,0.72579,2439.2,-3.1402,0.75518,0,3,0,5,6,0,9,5,0
101.61,8.3518,2,16.588,0.7437,2441.7,-3.1393,0.75584,0,3,0,5,6,0,9,5,0
101.62,8.355,2,16.867,0.7562,2444.2,-3.1384,0.71435,0,3,0,5,6,0,9,5,0
101.63,8.358,2,17.152,0.76418,2446.7,-3.1375,0.71461,0,3,0,5,6,0,9,5,0
101.64,8.3655,2,17.442,0.76885,2449.2,-3.1365,0.66506,0,3,0,5,6,0,9,5,0
101.65,8.375,2,17.738,0.77166,2451.7,-3.1355,0.66581,0,3,0,5,6,0,9,5,0
101.66,8.383,2,18.04,0.77423,2454.1,-3.1344,0.59939,0,3,0,5,6,0,9,5,0
101.67,8.3929,2,18.342,0.77817,2456.6,-3.1333,0.60009,0,3,0,5,6,0,9,5,0
101.68,8.4039,2,18.643,0.78498,2459.0,-3.1322,0.51684,0,3,0,5,6,0,9,5,0
101.69,8.4189,2,18.945,0.79594,2461.4,-3.131,0.51776,0,3,0,5,6,0,9,5,0
101.7,8.4479,2,19.246,0.812,2463.8,-3.1298,0.42662,0,3,0,5,6,0,9,5,0
101.71,8.479,2,19.548,0.83375,2466.1,-3.1286,0.42819,0,3,0,5,6,0,9,5,0
101.72,8.5031,2,19.849,0.86137,2468.5,-3.1274,0.33587,0,3,0,5,6,0,9,5,0
101.73,8.5288,2,20.151,0.89413,2470.8,-3.1263,0.33689,0,3,0,5,6,0,9,5,0
101.74,8.5635,2,20.452,0.93195,2473.1,-3.125,0.26119,0,3,0,5,6,0,9,5,0
101.75,8.6062,2,20.754,0.97398,2475.4,-3.1237,0.26249,0,3,0,5,6,0,9,5,0
101.76,8.6438,2,21.055,1.0191,2477.7,-3.1224,0.15127,0,3,0,5,6,0,9,5,0
101.77,8.6761,2,21.357,1.0663,2479.9,-3.121,0.15183,0,3,0,5,6,0,9,5,0
101.78,8.7187,2,21.658,1.1141,2482.2,-3.1197,0.06539,0,3,0,5,6,0,9,5,0
101.79,8.7622,2,21.96,1.1616,2484.4,-3.1183,0.065716,0,3,0,5,6,0,9,5,0
101.8,8.7953,2,22.262,1.2076,2486.6,-3.1168,-0.0043977,0,3,0,5,6,0,9,5,0
101.81,8.8258,2,22.557,1.2513,2488.8,-3.1154,-0.0044129,0,3,0,5,6,0,9,5,0
101.83,8.8575,2,22.847,1.2918,2490.9,-3.1139,-0.10186,0,3,0,5,6,0,9,5,0
101.83,8.8889,2,23.131,1.3286,2493.1,-3.1125,-0.10222,0,3,0,5,6,0,9,5,0
101.85,8.9083,2,23.409,1.3614,2495.2,-3.111,-0.11135,0,3,0,5,6,0,9,5,0
101.86,8.9223,2,23.681,1.3898,2497.3,-3.1095,-0.11153,0,3,0,5,6,0,9,5,0
101.86,8.9297,2,23.947,1.4136,2499.4,-3.1079,-0.15627,0,3,0,5,6,0,9,5,0
101.88,8.9386,2,24.207,1.4325,2501.5,-3.1064,-0.15643,0,3,0,5,6,0,9,5,0
101.88,8.9481,2,24.461,1.4462,2503.6,-3.1048,-0.25502,0,3,0,5,6,0,9,5,0
101.89,8.9528,2,24.709,1.4546,2505.7,-3.1032,-0.25515,0,3,0,5,6,0,9,5,0
101.9,8.9491,2,24.952,1.4572,2507.7,-3.1016,-0.30875,0,3,0,5,6,0,9,5,0
101.91,8.9539,2,25.188,1.4538,2509.8,-3.1,-0.30891,0,3,0,5,6,0,9,5,0
101.92,8.96,2,25.419,1.4441,2511.9,-3.0983,-0.35392,0,3,0,5,6,0,9,5,0
101.93,8.9676,2,25.643,1.428,2514.0,-3.0967,-0.35422,0,3,0,5,6,0,9,5,0
101.94,8.9728,2,25.862,1.4054,2516.0,-3.095,-0.43518,0,3,0,5,6,0,9,5,0
101.95,8.9803,2,26.075,1.3763,2518.1,-3.0933,-0.43554,0,3,0,5,6,0,9,5,0
101.96,8.9969,2,26.282,1.3409,2520.2,-3.0916,-0.47234,0,3,0,5,6,0,9,5,0
101.97,9.0137,2,26.483,1.2999,2522.3,-3.0899,-0.47322,0,3,0,5,6,0,9,5,0
101.98,9.0329,2,26.678,1.2539,2524.3,-3.2377,-0.53746,0,3,0,5,6,0,9,5,0
101.99,9.0507,2,26.867,1.204,2526.4,-3.2379,-0.53852,0,3,0,5,6,0,9,5,0
102.0,9.0702,2,27.051,1.1513,2528.5,-3.2381,-0.5941,0,3,0,5,6,0,9,5,0
102.01,9.095,2,27.228,1.0972,2530.6,-3.2382,-0.59572,0,3,0,5,6,0,9,5,0
102.02,9.1215,2,27.4,1.0433,2532.7,-3.2384,-0.63394,0,3,0,5,6,0,9,5,0
102.03,9.1464,2,27.565,0.99099,2535.0,-3.2386,-0.63567,0,3,0,5,6,0,9,5,0
102.04,9.1648,2,27.725,0.94183,2537.4,-3.2387,-0.69194,0,3,0,5,6,0,9,5,0
102.05,9.201,2,27.878,0.89718,2539.8,-3.2389,-0.69468,0,3,0,5,6,0,9,5,0
102.06,9.2234,2,28.026,0.85824,2542.4,-3.2391,-0.76093,0,3,0,5,6,0,9,5,0
102.07,9.2378,2,28.168,0.82591,2545.0,-3.2392,-0.76212,0,3,0,5,6,0,9,5,0
102.08,9.2671,2,28.304,0.8008,2547.8,-3.2394,-0.86647,0,3,0,5,6,0,9,5,0
102.09,9.2955,2,28.434,0.78315,2550.6,-3.2397,-0.86913,0,3,0,5,6,0,9,5,0
102.1,9.3133,2,28.558,0.77285,2553.6,-3.2399,-0.91736,0,3,0,5,6,0,9,5,0
102.11,9.329,2,28.677,0.76945,2556.6,-3.2401,-0.91891,0,3,0,5,6,0,9,5,0
102.12,9.3489,2,28.789,0.77217,2559.7,-3.2403,-0.93022,0,3,0,5,6,0,9,5,0
102.13,9.3629,2,28.895,0.77998,2562.9,-3.2405,-0.93161,0,3,0,5,6,0,9,5,0
102.14,9.3723,2,28.996,0.79164,2566.3,-3.2407,-0.99815,0,3,0,5,6,0,9,5,0
102.15,9.3774,2,29.09,0.80582,2569.7,-3.2409,-0.99869,0,3,0,5,6,0,9,5,0
102.16,9.3907,2,29.179,0.82113,2573.2,-3.2412,-0.96255,0,3,0,5,6,0,9,5,0
102.17,9.3941,2,29.262,0.83624,2576.8,-3.2414,-0.9629,0,3,0,5,6,0,9,5,0
102.18,9.4004,2,29.339,0.84994,2580.5,-3.2417,-0.92594,0,3,0,5,6,0,9,5,0
102.19,9.4059,2,29.41,0.86118,2584.3,-3.2419,-0.92648,0,3,0,5,6,0,9,5,0
102.2,9.4072,2,29.475,0.86916,2588.2,-3.2422,-0.93602,0,3,0,5,6,0,9,5,0
102.21,9.4139,2,29.534,0.8733,2592.1,-3.2446,-0.93668,0,3,0,5,6,0,9,5,0
102.22,9.4128,2,29.587,0.87329,2596.2,-3.2449,-0.92716,0,3,0,5,6,0,9,5,0
102.23,9.4252,2,29.634,0.86908,2600.4,-3.2452,-0.92839,0,3,0,5,6,0,9,5,0
102.24,9.4295,2,29.676,0.86136,2604.7,-3.2455,-0.89108,0,3,0,5,6,0,9,5,0
102.26,9.4323,2,29.711,0.85004,2609.0,-3.2458,-0.89135,0,3,0,5,6,0,9,5,0
102.27,9.4363,2,29.741,0.83569,2613.5,-3.2461,-0.9106,0,3,0,5,6,0,9,5,0
102.28,9.4541,2,29.765,0.81904,2618.1,-3.2464,-0.91232,0,3,0,5,6,0,9,5,0
102.29,9.4671,2,29.782,0.80092,2622.7,-3.2468,-0.91357,0,3,0,5,6,0,9,5,0
102.29,9.4783,2,29.794,0.78223,2627.5,-3.2471,-0.91465,0,3,0,5,6,0,9,5,0
102.3,9.4937,2,29.8,0.7639,2632.3,-3.2475,-0.89716,0,3,0,5,6,0,9,5,0
102.31,9.5139,2,29.8,0.74687,2637.2,-3.2479,-0.89907,0,3,0,5,6,0,9,5,0
102.32,9.5152,2,29.8,0.73202,2642.3,-3.2483,-0.95628,0,3,0,5,6,0,9,5,0
102.33,9.5428,2,29.8,0.7202,2647.4,-3.2488,-0.95905,0,3,0,5,6,0,9,5,0
102.34,9.5577,2,29.8,0.71216,2652.6,-3.2493,-0.94143,0,3,0,5,6,0,9,5,0
102.35,9.5763,2,29.8,0.70852,2658.0,-3.2497,-0.94326,0,3,0,5,6,0,9,5,0
102.36,9.5811,2,29.8,0.70977,2663.4,-3.2503,-0.91499,0,3,0,5,6,0,9,5,0
102.37,9.607,2,29.8,0.71625,2668.9,-3.2507,-0.91747,0,3,0,5,6,0,9,5,0
102.38,9.6182,2,29.8,0.72787,2674.5,-3.2511,-0.89931,0,3,0,5,6,0,9,5,0
102.39,9.6302,2,29.8,0.74483,2680.2,-3.2516,-0.90042,0,3,0,5,6,0,9,5,0
102.4,9.6416,2,29.8,0.76692,2686.0,-3.2521,-0.8822,0,3,0,5,6,0,9,5,0
102.41,9.663,2,29.8,0.79374,2691.9,-3.2527,-0.88417,0,3,0,5,6,0,9,5,0
102.42,9.6732,2,29.8,0.82472,2697.9,-3.2533,-0.85608,0,3,0,5,6,0,9,5,0
102.43,9.6794,2,29.8,0.85916,2704.0,-3.2539,-0.85663,0,3,0,5,6,0,9,5,0
102.44,9.6931,2,29.8,0.89622,2710.1,-3.2545,-0.84815,0,3,0,5,6,0,9,5,0
102.45,9.7027,2,29.795,0.93503,2716.4,-3.2551,-0.84899,0,3,0,5,6,0,9,5,0
102.46,9.7111,2,29.786,0.97464,2722.8,-3.2558,-0.85944,0,3,0,5,6,0,9,5,0
102.47,9.7222,2,29.772,1.0142,2729.2,-3.2565,-0.86042,0,3,0,5,6,0,9,5,0
102.48,9.7375,2,29.753,1.0527,2735.8,-3.2571,-0.85203,0,3,0,5,6,0,9,5,0
102.49,9.7536,2,29.729,1.0896,2742.5,-3.2578,-0.85344,0,3,0,5,6,0,9,5,0
102.5,9.7674,2,29.701,1.1242,2749.2,-3.2585,-0.87418,0,3,0,5,6,0,9,5,0
102.51,9.7823,2,29.667,1.156,2756.1,-3.2592,-0.87551,0,3,0,5,6,0,9,5,0
102.52,9.7951,2,29.63,1.1848,2763.0,-3.2599,-0.80809,0,3,0,5,6,0,9,5,0
102.53,9.8068,2,29.587,1.2106,2769.9,-3.2607,-0.80906,0,3,0,5,6,0,9,5,0
102.54,9.8242,2,29.54,1.2334,2776.9,-3.2615,-0.80068,0,3,0,5,6,0,9,5,0
102.55,9.848,2,29.487,1.2536,2783.8,-3.2623,-0.80261,0,3,0,5,6,0,9,5,0
102.56,9.8631,2,29.431,1.2717,2790.8,-3.2632,-0.79398,0,3,0,5,6,0,9,5,0
102.57,9.8758,2,29.369,1.2882,2797.7,-3.264,-0.795,0,3,0,5,6,0,9,5,0
102.58,9.9028,2,29.303,1.3038,2804.7,-3.2649,-0.71796,0,3,0,5,6,0,9,5,0
102.59,9.9177,2,29.232,1.3191,2811.6,-3.2658,-0.71903,0,3,0,5,6,0,9,5,0
102.6,9.9305,2,29.156,1.3347,2818.5,-3.2668,-0.64052,0,3,0,5,6,0,9,5,0
102.61,9.9515,2,29.075,1.3516,2825.5,-3.2677,-0.64187,0,3,0,5,6,0,9,5,0
102.62,9.9767,2,28.99,1.3699,2832.4,-3.2687,-0.66345,0,3,0,5,6,0,9,5,0
102.63,10.004,2,28.9,1.39,2839.4,-3.3425,-0.66528,0,3,0,5,6,0,9,5,0
102.64,10.021,2,28.805,1.412,2846.3,-3.3444,-0.63632,0,3,0,5,6,0,9,5,0
102.65,10.046,2,28.706,1.436,2853.2,-3.3464,-0.63795,0,3,0,5,6,0,9,5,0
102.66,10.069,2,28.602,1.4617,2860.2,-3.3484,-0.60917,0,3,0,5,6,0,9,5,0
102.68,10.098,2,28.493,1.489,2867.0,-3.3504,-0.61096,0,3,0,5,6,0,9,5,0
102.69,10.116,2,28.379,1.5174,2873.8,-3.3525,-0.61203,0,3,0,5,6,0,9,5,0
102.69,10.142,2,28.261,1.5464,2880.5,-3.3546,-0.61359,0,3,0,5,6,0,9,5,0
102.7,10.166,2,28.138,1.5754,2887.1,-3.3567,-0.70652,0,3,0,5,6,0,9,5,0
102.71,10.187,2,28.01,1.6038,2893.6,-3.3588,-0.70799,0,3,0,5,6,0,9,5,0
102.72,10.216,2,27.877,1.631,2900.1,-3.361,-0.69978,0,3,0,5,6,0,9,5,0
102.73,10.243,2,27.74,1.6563,2906.4,-3.3632,-0.70165,0,3,0,5,6,0,9,5,0
102.74,10.267,2,27.598,1.6793,2912.7,-3.3654,-0.74438,0,3,0,5,6,0,9,5,0
102.75,10.286,2,27.451,1.6995,2918.8,-3.3676,-0.74575,0,3,0,5,6,0,9,5,0
102.76,10.314,2,27.299,1.7167,2924.9,-3.3699,-0.789,0,3,0,5,6,0,9,5,0
102.77,10.337,2,27.143,1.7304,2930.9,-3.3722,-0.79077,0,3,0,5,6,0,9,5,0
102.78,10.361,2,26.982,1.7405,2936.8,-3.3745,-0.79264,0,3,0,5,6,0,9,5,0
102.79,10.385,2,26.816,1.747,2942.7,-3.3769,-0.79442,0,3,0,5,6,0,9,5,0
102.8,10.402,2,26.646,1.7498,2948.4,-3.3793,-0.77491,0,3,0,5,6,0,9,5,0
102.81,10.438,2,26.471,1.7491,2954.1,-3.3817,-0.77764,0,3,0,5,6,0,9,5,0
102.82,10.452,2,26.291,1.7448,2959.7,-3.3841,-0.79959,0,3,0,5,6,0,9,5,0
102.83,10.47,2,26.106,1.7371,2965.2,-3.3866,-0.80098,0,3,0,5,6,0,9,5,0
102.84,10.502,2,25.916,1.7263,2970.6,-3.389,-0.68788,0,3,0,5,6,0,9,5,0
102.85,10.522,2,25.722,1.7125,2975.9,-3.3915,-0.68921,0,3,0,5,6,0,9,5,0
102.86,10.55,2,25.523,1.696,2981.1,-3.3075,-0.56444,0,3,0,5,6,0,9,5,0
102.87,10.569,2,25.32,1.677,2986.3,-3.3112,-0.56543,0,3,0,5,6,0,9,5,0
102.88,10.6,2,25.111,1.6559,2991.3,-3.3149,-0.51411,0,3,0,5,6,0,9,5,0
102.89,10.63,2,24.898,1.633,2996.3,-3.3186,-0.51556,0,3,0,5,6,0,9,5,0
102.9,10.648,2,24.68,1.6086,3001.2,-3.3223,-0.51643,0,3,0,5,6,0,9,5,0
102.91,10.676,2,24.458,1.5829,3006.0,-3.326,-0.51779,0,3,0,5,6,0,9,5,0
102.92,10.709,2,24.23,1.5561,3010.7,-3.3298,-0.55153,0,3,0,5,6,0,9,5,0
102.93,10.729,2,23.998,1.5286,3015.4,-3.3335,-0.55253,0,3,0,5,6,0,9,5,0
102.94,10.756,2,23.762,1.5007,3019.9,-3.3373,-0.58622,0,3,0,5,6,0,9,5,0
102.95,10.79,2,23.52,1.4725,3024.4,-3.3411,-0.58803,0,3,0,5,6,0,9,5,0
102.96,10.818,2,23.278,1.4443,3028.8,-3.345,-0.6112,0,3,0,5,6,0,9,5,0
102.97,10.837,2,23.037,1.4163,3033.1,-3.3488,-0.6123,0,3,0,5,6,0,9,5,0
102.99,10.862,2,22.795,1.3886,3037.3,-3.3527,-0.62454,0,3,0,5,6,0,9,5,0
103.0,10.888,2,22.554,1.3612,3041.4,-3.3566,-0.62608,0,3,0,5,6,0,9,5,0
103.0,10.911,2,22.312,1.3342,3045.5,-3.3605,-0.59467,0,3,0,5,6,0,9,5,0
103.01,10.932,2,22.071,1.3075,3049.4,-3.3644,-0.59578,0,3,0,5,6,0,9,5,0
103.02,10.951,2,21.829,1.2811,3053.3,-3.3683,-0.59681,0,3,0,5,6,0,9,5,0
103.03,10.976,2,21.588,1.255,3057.1,-3.3722,-0.59819,0,3,0,5,6,0,9,5,0
103.04,10.994,2,21.346,1.229,3060.8,-3.3762,-0.5332,0,3,0,5,6,0,9,5,0
103.05,11.007,2,21.105,1.2028,3064.4,-3.3801,-0.53385,0,3,0,5,6,0,9,5,0
103.06,11.025,2,20.863,1.1762,3067.9,-3.3841,-0.52369,0,3,0,5,6,0,9,5,0
103.07,11.043,2,20.622,1.1491,3071.3,-3.3881,-0.52452,0,3,0,5,6,0,9,5,0
103.08,11.059,0,20.38,1.1214,3074.7,-3.3921,-0.51426,0,3,0,5,6,0,9,5,0
103.09,11.071,0,20.138,1.0929,3078.0,-3.3961,-0.51479,0,3,0,5,6,0,9,5,0
103.11,11.082,0,19.906,1.0636,3081.2,-3.4001,-0.53749,0,3,0,5,6,0,9,5,0
103.11,11.095,0,19.683,1.0335,3084.3,-3.4041,-0.53812,0,3,0,5,6,0,9,5,0
103.13,11.105,0,19.469,1.0023,3087.3,-3.4081,-0.52751,0,3,0,5,6,0,9,5,0
103.13,11.111,0,19.265,0.97044,3090.2,-3.4122,-0.52778,0,3,0,5,6,0,9,5,0
103.14,11.123,0,19.069,0.93806,3093.1,-3.4163,-0.57285,0,3,0,5,6,0,9,5,0
103.15,11.136,0,18.883,0.9053,3095.8,-3.4204,-0.57352,0,3,0,5,6,0,9,5,0
103.17,11.151,0,18.706,0.87237,3098.5,-3.4245,-0.6412,0,3,0,5,6,0,9,5,0
103.18,11.158,0,18.538,0.83948,3101.1,-3.4286,-0.64158,0,3,0,5,6,0,9,5,0
103.19,11.168,0,18.38,0.80683,3103.7,-3.4327,-0.58633,0,3,0,5,6,0,9,5,0
103.19,11.176,0,18.231,0.77463,3106.3,-3.4368,-0.58675,0,3,0,5,6,0,9,5,0
103.2,11.187,0,18.091,0.74308,3108.9,-3.4409,-0.56496,0,3,0,5,6,0,9,5,0
103.21,11.197,0,17.96,0.71233,3111.4,-3.445,-0.56544,0,3,0,5,6,0,9,5,0
103.22,11.208,0,17.838,0.68254,3114.0,-3.4492,-0.5324,0,3,0,5,6,0,9,5,0
103.24,11.22,0,17.726,0.65383,3116.6,-3.4533,-0.53295,0,3,0,5,6,0,9,5,0
103.24,11.225,0,17.623,0.62629,3119.2,-3.4574,-0.5444,0,3,0,5,6,0,9,5,0
103.26,11.238,0,17.529,0.60001,3121.8,-3.4616,-0.54503,0,3,0,5,6,0,9,5,0
103.27,11.252,0,17.445,0.57477,3124.4,-3.4657,-0.55698,0,3,0,5,6,0,9,5,0
103.28,11.265,0,17.369,0.55093,3127.0,-3.4699,-0.55764,0,3,0,5,6,0,9,5,0
103.29,11.272,0,17.303,0.52858,3129.6,-3.3925,-0.51288,0,3,0,5,6,0,9,5,0
103.29,11.282,0,17.246,0.50779,3132.2,-3.3956,-0.51331,0,3,0,5,6,0,9,5,0
103.31,11.288,0,17.198,0.48869,3134.8,-3.3987,-0.51362,0,3,0,5,6,0,9,5,0
103.32,11.305,0,17.16,0.47139,3137.0,-3.4018,-0.51439,0,3,0,5,6,0,9,5,0
103.33,11.315,0,17.131,0.45606,3139.0,-3.405,-0.49219,0,3,0,5,6,0,9,5,0
103.33,11.321,0,17.111,0.4429,3140.6,-3.4081,-0.49248,0,3,0,5,6,0,9,5,0
103.34,11.329,0,17.1,0.43213,3141.9,-3.4112,-0.43616,0,3,0,5,6,0,9,5,0
103.36,11.339,0,17.098,0.42401,3142.9,-3.4143,-0.43655,0,3,0,5,6,0,9,5,0
103.36,11.346,0,17.106,0.41883,3143.6,-3.4174,-0.36876,0,3,0,5,6,0,9,5,0
103.38,11.358,0,17.123,0.41687,3143.9,-3.4205,-0.36914,0,3,0,5,6,0,9,5,0
103.39,11.366,0,17.149,0.41842,3143.9,-3.4236,-0.32392,0,3,0,5,6,0,9,5,0
103.39,11.373,0,17.185,0.42374,3143.7,-3.4267,-0.32414,0,3,0,5,6,0,9,5,0
103.41,11.38,0,17.229,0.43303,3143.0,-3.4298,-0.40399,0,3,0,5,6,0,9,5,0
103.42,11.393,0,17.283,0.44641,3142.1,-3.4328,-0.40444,0,3,0,5,6,0,9,5,0
103.43,11.403,0,17.346,0.46389,3140.9,-3.4359,-0.38199,0,3,0,5,6,0,9,5,0
103.44,11.413,0,17.418,0.48534,3139.3,-3.439,-0.38233,0,3,0,5,6,0,9,5,0
103.44,11.429,0,17.5,0.51046,3137.4,-3.4421,-0.38286,0,3,0,5,6,0,9,5,0
103.46,11.434,0,17.591,0.53879,3135.2,-3.4451,-0.38302,0,3,0,5,6,0,9,5,0
103.47,11.443,0,17.691,0.56967,3132.6,-3.4481,-0.31468,0,3,0,5,6,0,9,5,0
103.47,11.457,0,17.8,0.60226,3129.8,-3.4512,-0.31508,0,3,0,5,6,0,9,5,0
103.49,11.471,0,17.918,0.63559,3126.6,-3.4542,-0.26958,0,3,0,5,6,0,9,5,0
103.49,11.484,0,18.046,0.66855,3123.1,-3.4572,-0.26987,0,3,0,5,6,0,9,5,0
103.5,11.493,0,18.183,0.69995,3119.3,-3.4602,-0.29307,0,3,0,5,6,0,9,5,0
103.52,11.505,0,18.329,0.72861,3115.2,-3.5535,-0.29339,0,3,0,5,6,0,9,5,0
103.53,11.507,0,18.485,0.75338,3110.7,-3.5553,-0.30492,0,3,0,5,6,0,9,5,0
103.54,11.52,0,18.649,0.77326,3105.9,-3.5572,-0.30529,0,3,0,5,6,0,9,5,0
103.54,11.535,0,18.823,0.78713,3100.8,-3.559,-0.29413,0,3,0,5,6,0,9,5,0
103.56,11.544,0,19.006,0.7947,3095.4,-3.5609,-0.29437,0,3,0,5,6,0,9,5,0
103.56,11.549,0,19.198,0.7957,3089.7,-3.5627,-0.32915,0,3,0,5,6,0,9,5,0
103.57,11.563,0,19.4,0.79017,3083.6,-3.5645,-0.32954,0,3,0,5,6,0,9,5,0
103.58,11.572,0,19.611,0.77855,3077.3,-3.5663,-0.30665,0,3,0,5,6,0,9,5,0
103.59,11.58,0,19.831,0.76157,3070.6,-3.5681,-0.30688,0,3,0,5,6,0,9,5,0
103.61,11.588,0,20.06,0.74032,3063.5,-3.57,-0.26073,0,3,0,5,6,0,9,5,0
103.61,11.595,0,20.289,0.71613,3056.2,-3.5718,-0.26089,0,3,0,5,6,0,9,5,0
103.63,11.605,0,20.518,0.69052,3048.5,-3.5735,-0.2147,0,3,0,5,6,0,9,5,0
103.63,11.624,0,20.748,0.66513,3040.6,-3.5753,-0.21505,0,3,0,5,6,0,9,5,0
103.64,11.643,0,20.977,0.64159,3032.3,-3.5771,-0.16883,0,3,0,5,6,0,9,5,0
103.66,11.652,0,21.206,0.62144,3023.6,-3.5789,-0.16895,0,3,0,5,6,0,9,5,0
103.66,11.662,0,21.435,0.60603,3014.7,-3.5806,-0.040819,0,3,0,5,6,0,9,5,0
103.67,11.686,0,21.665,0.59642,3005.5,-3.5824,-0.0409,0,3,0,5,6,0,9,5,0
103.68,11.71,0,21.894,0.59344,2995.9,-3.5842,-0.017565,0,3,0,5,6,0,9,5,0
103.69,11.731,0,22.123,0.59726,2986.0,-3.586,-0.017596,0,3,0,5,6,0,9,5,0
103.7,11.752,0,22.352,0.60775,2975.8,-3.5877,0.029381,0,3,0,5,6,0,9,5,0
103.71,11.779,0,22.582,0.62435,2965.2,-3.5894,0.029447,0,3,0,5,6,0,9,5,0
103.72,11.803,0,22.811,0.64612,2954.4,-3.5912,-0.017705,0,3,0,5,6,0,9,5,0
103.73,11.823,0,23.04,0.67183,2943.2,-3.5929,-0.017735,0,3,0,5,6,0,9,5,0
103.74,11.857,0,23.269,0.69998,2931.7,-3.5946,-0.029642,0,3,0,5,6,0,9,5,0
103.75,11.893,0,23.495,0.72901,2919.9,-3.5963,-0.029733,0,3,0,5,6,0,9,5,0
103.76,11.919,0,23.718,0.75734,2907.7,-3.5981,-0.053634,0,3,0,5,6,0,9,5,0
103.77,11.944,0,23.937,0.78378,2895.2,-3.5997,-0.05375,0,3,0,5,6,0,9,5,0
103.78,11.971,0,24.153,0.8068,2882.5,-3.6014,-0.11372,0,3,0,5,6,0,9,5,0
103.79,11.99,0,24.366,0.82544,2869.4,-3.6031,-0.1139,0,3,0,5,6,0,9,5,0
103.8,12.002,0,24.575,0.83909,2855.9,-3.6047,-0.066012,0,3,0,5,6,0,9,5,0
103.81,12.012,0,24.781,0.84756,2842.2,-3.6064,-0.066064,0,3,0,5,6,0,9,5,0
103.82,12.013,0,24.984,0.85098,2828.5,-3.608,0.0060065,0,3,0,5,6,0,9,5,0
103.83,12.014,0,25.184,0.84986,2814.7,-3.6097,0.0060069,0,3,0,5,6,0,9,5,0
103.84,12.017,0,25.38,0.84494,2801.0,-3.6113,0.030043,0,3,0,5,6,0,9,5,0
103.85,12.015,0,25.573,0.83716,2787.2,-3.6129,0.030037,0,3,0,5,6,0,9,5,0
103.86,12.023,0,25.763,0.82752,2773.5,-3.6145,0.018035,0,3,0,5,6,0,9,5,0
103.87,12.023,0,25.949,0.81704,2759.7,-3.6161,0.018034,0,3,0,5,6,0,9,5,0
103.88,12.011,0,26.132,0.80658,2746.0,-3.6177,0.018016,0,3,0,5,6,0,9,5,0
103.9,12.004,0,26.312,0.79685,2732.3,-3.6192,0.018005,0,3,0,5,6,0,9,5,0
103.91,11.993,0,26.488,0.78829,2718.5,-3.6208,0.077952,0,3,0,5,6,0,9,5,0
103.92,11.994,0,26.661,0.78122,2704.8,-3.6224,0.077958,0,3,0,5,6,0,9,5,0
103.93,12.002,0,26.831,0.77539,2691.0,-3.6239,0.054011,0,3,0,5,6,0,9,5,0
103.94,12.009,0,26.998,0.77045,2677.3,-3.5871,0.054039,0,3,0,5,6,0,9,5,0
103.94,12.013,0,27.161,0.7659,2663.5,-3.5881,0.078084,0,3,0,5,6,0,9,5,0
103.96,12.031,0,27.321,0.76108,2649.8,-3.5892,0.078205,0,3,0,5,6,0,9,5,0
103.96,12.062,0,27.477,0.75533,2636.4,-3.5901,0.078404,0,3,0,5,6,0,9,5,0
103.97,12.086,0,27.631,0.74807,2623.4,-3.5911,0.07856,0,3,0,5,6,0,9,5,0
103.98,12.114,0,27.781,0.73886,2610.7,-3.5921,0.10297,0,3,0,5,6,0,9,5,0
103.99,12.143,0,27.928,0.7275,2598.4,-3.593,0.10321,0,3,0,5,6,0,9,5,0
104.01,12.162,0,28.071,0.71407,2586.5,-3.594,0.16419,0,3,0,5,6,0,9,5,0
104.01,12.195,0,28.211,0.69896,2574.9,-3.5949,0.16463,0,3,0,5,6,0,9,5,0
104.02,12.23,0,28.348,0.68287,2563.7,-3.5958,0.067264,0,3,0,5,6,0,9,5,0
104.03,12.251,0,28.481,0.66678,2552.8,-3.5966,0.06738,0,3,0,5,6,0,9,5,0
104.04,12.268,0,28.612,0.6519,2542.3,-3.5975,0.042937,0,3,0,5,6,0,9,5,0
104.05,12.285,0,28.739,0.63956,2532.1,-3.5984,0.042996,0,3,0,5,6,0,9,5,0
104.06,12.296,0,28.862,0.63111,2522.4,-3.5992,0.006148,0,3,0,5,6,0,9,5,0
104.07,12.3,0,28.983,0.62784,2512.9,-3.6,0.0061498,0,3,0,5,6,0,9,5,0
104.08,12.306,0,29.1,0.63084,2503.9,-3.6008,-0.018459,0,3,0,5,6,0,9,5,0
104.09,12.319,0,29.213,0.64091,2495.1,-3.6016,-0.018478,0,3,0,5,6,0,9,5,0
104.1,12.318,0,29.324,0.65845,2486.8,-3.6023,0.043112,0,3,0,5,6,0,9,5,0
104.11,12.322,0,29.431,0.68344,2478.8,-3.6031,0.043127,0,3,0,5,6,0,9,5,0
104.12,12.322,0,29.535,0.71538,2471.2,-3.6038,0.067769,0,3,0,5,6,0,9,5,0
104.14,12.321,0,29.635,0.75332,2463.9,-3.6045,0.067766,0,3,0,5,6,0,9,5,0
104.14,12.336,0,29.733,0.7959,2457.0,-3.6052,0.12952,0,3,0,5,6,0,9,5,0
104.15,12.347,0,29.827,0.84144,2450.4,-3.6059,0.12965,0,3,0,5,6,0,9,5,0
104.16,12.358,0,29.917,0.88806,2444.2,-3.5647,0.1174,0,3,0,5,6,0,9,5,0
104.17,12.368,0,30.004,0.9338,2438.4,-3.5659,0.11749,0,3,0,5,6,0,9,5,0
104.18,12.387,0,30.089,0.97681,2432.9,-3.567,0.13006,0,3,0,5,6,0,9,5,0
104.19,12.414,0,30.169,1.0153,2427.8,-3.5681,0.13035,0,3,0,5,6,0,9,5,0
104.2,12.435,0,30.247,1.0482,2423.0,-3.5692,0.21762,0,3,0,5,6,0,9,5,0
104.21,12.452,0,30.321,1.0747,2418.6,-3.5703,0.2179,0,3,0,5,6,0,9,5,0
104.22,12.479,0,30.392,1.0945,2414.6,-3.5714,0.2059,0,3,0,5,6,0,9,5,0
104.23,12.5,0,30.459,1.108,2410.9,-3.5724,0.20625,0,3,0,5,6,0,9,5,0
104.24,12.522,0,30.523,1.1161,2407.6,-3.5734,0.18156,0,3,0,5,6,0,9,5,0
104.25,12.55,0,30.584,1.1201,2404.6,-3.5744,0.18198,0,3,0,5,6,0,9,5,0
104.26,12.572,0,30.645,1.1219,2402.0,-3.5753,0.24516,0,3,0,5,6,0,9,5,0
104.27,12.591,0,30.706,1.1234,2399.8,-3.5762,0.24553,0,3,0,5,6,0,9,5,0
104.28,12.605,0,30.767,1.1266,2397.9,-3.5771,0.25839,0,3,0,5,6,0,9,5,0
104.29,12.617,0,30.828,1.1336,2396.3,-3.578,0.25864,0,3,0,5,6,0,9,5,0
104.3,12.623,0,30.889,1.1459,2395.2,-3.5789,0.22091,0,3,0,5,6,0,9,5,0
104.31,12.632,0,30.95,1.1649,2394.4,-3.5797,0.22106,0,3,0,5,6,0,9,5,0
104.32,12.634,0,31.011,1.1911,2393.9,-3.5805,0.259,0,3,0,5,6,0,9,5,0
104.33,12.643,0,31.072,1.2247,2393.8,-3.5813,0.25918,0,3,0,5,6,0,9,5,0
104.35,12.654,0,31.133,1.2653,2394.1,-3.582,0.29736,0,3,0,5,6,0,9,5,0
104.36,12.665,0,31.194,1.312,2394.7,-3.5828,0.29763,0,3,0,5,6,0,9,5,0
104.36,12.673,0,31.255,1.3631,2395.7,-3.5835,0.28514,0,3,0,5,6,0,9,5,0
104.37,12.689,0,31.316,1.4168,2397.1,-3.5842,0.28551,0,3,0,5,6,0,9,5,0
104.38,12.705,0,31.377,1.4709,2398.8,-3.5848,0.32398,0,3,0,5,6,0,9,5,0
104.39,12.718,0,31.429,1.5235,2400.8,-3.5854,0.32432,0,3,0,5,6,0,9,5,0
104.4,12.739,0,31.472,1.5723,2403.3,-3.5861,0.28662,0,3,0,5,6,0,9,5,0
104.42,12.759,0,31.506,1.6157,2406.0,-3.5867,0.28707,0,3,0,5,6,0,9,5,0
104.43,12.778,0,31.532,1.6521,2409.2,-3.5872,0.2875,0,3,0,5,6,0,9,5,0
104.43,12.814,0,31.548,1.6808,2412.7,-3.5877,0.28832,0,3,0,5,6,0,9,5,0
104.44,12.848,0,31.556,1.7014,2416.5,-3.5882,0.23769,0,3,0,5,6,0,9,5,0
104.45,12.884,0,31.555,1.7142,2420.8,-3.5886,0.23835,0,3,0,5,6,0,9,5,0
104.46,12.918,0,31.545,1.7199,2425.4,-3.589,0.27775,0,3,0,5,6,0,9,5,0
104.47,12.947,0,31.526,1.7195,2429.9,-3.5894,0.27837,0,3,0,5,6,0,9,5,0
104.49,12.979,0,31.499,1.7146,2434.5,-3.5898,0.27906,0,3,0,5,6,0,9,5,0
104.49,13.005,0,31.462,1.7068,2439.1,-3.5902,0.2796,0,3,0,5,6,0,9,5,0
104.5,13.032,0,31.417,1.6979,2443.7,-3.5905,0.29322,0,3,0,5,6,0,9,5,0
104.51,13.052,0,31.363,1.6894,2448.3,-3.5908,0.29366,0,3,0,5,6,0,9,5,0
104.52,13.075,0,31.299,1.6829,2452.8,-3.5911,0.29419,0,3,0,5,6,0,9,5,0
104.53,13.106,0,31.227,1.6794,2457.4,-3.5913,0.29487,0,3,0,5,6,0,9,5,0
104.54,13.128,0,31.147,1.6796,2462.0,-3.5915,0.30851,0,3,0,5,6,0,9,5,0
104.55,13.158,0,31.057,1.684,2466.6,-3.5917,0.3092,0,3,0,5,6,0,9,5,0
104.56,13.176,0,30.958,1.6922,2471.2,-3.5919,0.50728,0,3,0,5,6,0,9,5,0
104.57,13.195,0,30.851,1.7036,2475.7,-3.6571,0.50802,0,3,0,5,6,0,9,5,0
104.58,13.231,0,30.735,1.7173,2480.3,-3.6581,0.45647,0,3,0,5,6,0,9,5,0
104.59,13.26,0,30.61,1.732,2484.9,-3.659,0.45747,0,3,0,5,6,0,9,5,0
104.6,13.287,3,30.476,1.7464,2489.5,-3.6598,0.29896,0,3,0,5,6,0,9,5,0
104.61,13.316,3,30.333,1.759,2494.0,-3.6607,0.29962,0,3,0,5,6,0,9,5,0
104.62,13.351,3,30.181,1.7685,2498.5,-3.6615,0.34045,0,3,0,5,6,0,9,5,0
104.63,13.397,3,30.021,1.7738,2502.9,-3.6623,0.34163,0,3,0,5,6,0,9,5,0
104.64,13.434,3,29.851,1.774,2507.2,-3.663,0.356,0,3,0,5,6,0,9,5,0
104.65,13.466,3,29.673,1.7687,2511.5,-3.6638,0.35686,0,3,0,5,6,0,9,5,0
104.66,13.494,3,29.486,1.7577,2515.8,-3.6645,0.42506,0,3,0,5,6,0,9,5,0
104.67,13.519,3,29.29,1.7415,2520.0,-3.6651,0.42585,0,3,0,5,6,0,9,5,0
104.68,13.55,3,29.085,1.7204,2524.1,-3.6658,0.38616,0,3,0,5,6,0,9,5,0
104.69,13.574,3,28.871,1.6955,2528.2,-3.6664,0.38686,0,3,0,5,6,0,9,5,0
104.7,13.603,3,28.649,1.6676,2532.2,-3.667,0.44209,0,3,0,5,6,0,9,5,0
104.71,13.635,3,28.417,1.638,2536.2,-3.6676,0.44314,0,3,0,5,6,0,9,5,0
104.72,13.659,3,28.177,1.6076,2540.1,-3.6681,0.47123,0,3,0,5,6,0,9,5,0
104.73,13.679,3,27.928,1.5771,2543.9,-3.6686,0.47193,0,3,0,5,6,0,9,5,0
104.74,13.683,3,27.67,1.5472,2547.7,-3.6691,0.25313,0,3,0,5,6,0,9,5,0
104.75,13.688,3,27.403,1.518,2551.5,-3.6696,0.25323,0,3,0,5,6,0,9,5,0
104.77,13.718,3,27.127,1.4893,2555.1,-3.67,0.30865,0,3,0,5,6,0,9,5,0
104.78,13.729,3,26.843,1.4608,2558.8,-3.6704,0.3089,0,3,0,5,6,0,9,5,0
104.78,13.749,3,26.549,1.4317,2562.3,-3.6708,0.5706,0,3,0,5,6,0,9,5,0
104.79,13.77,3,26.247,1.4009,2565.8,-3.6711,0.57146,0,3,0,5,6,0,9,5,0
104.8,13.783,3,25.936,1.3675,2569.3,-3.6184,0.54443,0,3,0,5,6,0,9,5,0
104.81,13.794,3,25.616,1.3305,2572.7,-3.6193,0.54486,0,3,0,5,6,0,9,5,0
104.83,13.806,3,25.287,1.289,2576.0,-3.6202,0.50391,0,3,0,5,6,0,9,5,0
104.83,13.833,3,24.949,1.2425,2579.3,-3.6211,0.50492,0,3,0,5,6,0,9,5,0
104.85,13.853,3,24.602,1.1906,2582.6,-3.6219,0.64414,0,3,0,5,6,0,9,5,0
104.86,13.864,3,24.247,1.1334,2585.7,-3.6227,0.64469,0,3,0,5,6,0,9,5,0
104.86,13.879,3,23.883,1.0713,2588.9,-3.6235,0.64537,0,3,0,5,6,0,9,5,0
104.87,13.901,3,23.509,1.0052,2591.9,-3.6243,0.64638,0,3,0,5,6,0,9,5,0
104.88,13.914,3,23.127,0.93616,2594.9,-3.625,0.68875,0,3,0,5,6,0,9,5,0
104.89,13.929,3,22.736,0.86555,2597.9,-3.6256,0.68947,0,3,0,5,6,0,9,5,0
104.9,13.946,3,22.345,0.79481,2600.8,-3.6263,0.66246,0,3,0,5,6,0,9,5,0
104.91,13.962,3,21.955,0.72536,2603.6,-3.6269,0.6632,0,3,0,5,6,0,9,5,0
104.92,13.975,3,21.564,0.65852,2606.4,-3.6274,0.60791,0,3,0,5,6,0,9,5,0
104.93,13.988,3,21.173,0.59541,2609.1,-3.628,0.60846,0,3,0,5,6,0,9,5,0
104.94,14.004,3,20.782,0.53686,2611.8,-3.6285,0.58115,0,3,0,5,6,0,9,5,0
104.95,14.015,3,20.391,0.48335,2614.4,-3.6289,0.58161,0,3,0,5,6,0,9,5,0
104.96,14.031,3,20.0,0.43507,2617.0,-3.6293,0.51212,0,3,0,5,6,0,9,5,0
104.97,14.043,3,19.609,0.39172,2619.5,-3.6296,0.51257,0,3,0,5,6,0,9,5,0
104.98,14.055,3,19.218,0.35296,2621.9,-3.63,0.48488,0,3,0,5,6,0,9,5,0
104.99,14.067,3,18.827,0.31811,2624.3,-3.6303,0.4853,0,3,0,5,6,0,9,5,0
105.0,14.084,3,18.436,0.28632,2626.6,-3.6305,0.48588,0,3,0,5,6,0,9,5,0
105.01,14.096,3,18.045,0.25668,2628.9,-3.6307,0.48632,0,3,0,5,6,0,9,5,0
105.02,14.107,3,17.655,0.22827,2631.1,-3.6309,0.48669,0,3,0,5,6,0,9,5,0
105.03,14.121,3,17.264,0.20025,2633.3,-3.631,0.48718,0,3,0,5,6,0,9,5,0
105.04,14.137,3,16.873,0.1719,2635.4,-3.6312,0.48772,0,3,0,5,6,0,9,5,0
105.05,14.146,3,16.489,0.14271,2637.5,-3.6312,0.48805,0,3,0,5,6,0,9,5,0
105.06,14.158,3,16.114,0.11215,2639.5,-3.6312,0.33272,0,3,0,5,6,0,9,5,0
105.07,14.167,3,15.746,0.080286,2641.4,-3.6312,0.33292,0,3,0,5,6,0,9,5,0
105.08,14.169,3,15.386,0.047181,2643.3,-3.6311,0.19128,0,3,0,5,6,0,9,5,0
105.09,14.171,3,15.033,0.013066,2645.1,-3.631,0.19131,0,3,0,5,6,0,9,5,0
105.1,14.168,3,14.688,-0.021706,2646.9,-3.6309,0.19127,0,3,0,5,6,0,9,5,0
105.11,14.157,3,14.351,-0.056705,2648.6,-3.6307,0.19111,0,3,0,5,6,0,9,5,0
105.12,14.154,3,14.021,-0.091482,2650.3,-3.6304,0.14862,0,3,0,5,6,0,9,5,0
105.13,14.149,3,13.699,-0.12561,2652.0,-3.6302,0.14857,0,3,0,5,6,0,9,5,0
105.14,14.145,3,13.385,-0.15874,2653.8,-3.6299,0.2334,0,3,0,5,6,0,9,5,0
105.15,14.142,3,13.079,-0.19061,2655.5,-3.6295,0.23334,0,3,0,5,6,0,9,5,0
105.16,14.139,3,12.78,-0.2211,2657.2,-3.6291,0.19088,0,3,0,5,6,0,9,5,0
105.17,14.138,3,12.488,-0.25021,2658.9,-3.6287,0.19086,0,3,0,5,6,0,9,5,0
105.19,14.14,3,12.205,-0.27804,2660.6,-3.6282,0.13433,0,3,0,5,6,0,9,5,0
105.19,14.139,3,11.929,-0.30481,2662.3,-3.6276,0.13432,0,3,0,5,6,0,9,5,0
105.21,14.141,3,11.661,-0.3309,2664.1,-3.6271,0.049493,0,3,0,5,6,0,9,5,0
105.21,14.14,3,11.4,-0.35648,2665.8,-3.6265,0.049491,0,3,0,5,6,0,9,5,0
105.22,14.142,3,11.147,-0.38181,2667.5,-3.6597,-0.049498,0,3,0,5,6,0,9,5,0
105.23,14.146,3,10.902,-0.40707,2669.2,-3.6595,-0.04951,0,3,0,5,6,0,9,5,0
105.24,14.151,3,10.664,-0.43233,2670.9,-3.6591,-0.06368,0,3,0,5,6,0,9,5,0
105.26,14.15,3,10.434,-0.45754,2672.6,-3.6588,-0.063675,0,3,0,5,6,0,9,5,0
105.26,14.154,3,10.212,-0.48251,2674.4,-3.6584,-0.035384,0,3,0,5,6,0,9,5,0
105.28,14.156,3,9.9973,-0.50689,2676.0,-3.658,-0.03539,0,3,0,5,6,0,9,5,0
105.28,14.157,3,9.7904,-0.53024,2677.6,-3.6575,0.0070783,0,3,0,5,6,0,9,5,0
105.29,14.157,3,9.5911,-0.55202,2679.2,-3.657,0.0070786,0,3,0,5,6,0,9,5,0
105.3,14.157,3,9.3995,-0.57169,2680.7,-3.6564,0.035393,0,3,0,5,6,0,9,5,0
105.32,14.159,3,9.2155,-0.5887,2682.2,-3.6558,0.035399,0,3,0,5,6,0,9,5,0
105.32,14.16,3,9.0392,-0.60261,2683.6,-3.6552,0.035399,0,3,0,5,6,0,9,5,0
105.33,14.157,3,8.8706,-0.61308,2685.0,-3.6545,0.035392,0,3,0,5,6,0,9,5,0
105.34,14.157,3,8.7096,-0.61995,2686.3,-3.6538,0.10618,0,3,0,5,6,0,9,5,0
105.35,14.151,3,8.5563,-0.62326,2687.5,-3.653,0.10613,0,3,0,5,6,0,9,5,0
105.36,14.149,3,8.4107,-0.62325,2688.8,-3.6522,0.16271,0,3,0,5,6,0,9,5,0
105.37,14.15,3,8.2727,-0.62034,2689.9,-3.6513,0.16272,0,3,0,5,6,0,9,5,0
105.38,14.149,3,8.1424,-0.61513,2691.0,-3.6504,0.21931,0,3,0,5,6,0,9,5,0
105.39,14.146,3,8.0198,-0.60835,2692.1,-3.6495,0.21926,0,3,0,5,6,0,9,5,0
105.4,14.147,3,7.9048,-0.60078,2693.1,-3.6485,0.23343,0,3,0,5,6,0,9,5,0
105.41,14.147,3,7.7975,-0.59324,2694.1,-3.6475,0.23342,0,3,0,5,6,0,9,5,0
105.42,14.147,3,7.6979,-0.5865,2695.0,-3.6464,0.20513,0,3,0,5,6,0,9,5,0
105.43,14.15,3,7.6059,-0.58123,2695.8,-3.6453,0.20517,0,3,0,5,6,0,9,5,0
105.44,14.151,3,7.5216,-0.57798,2696.7,-3.6441,0.23348,0,3,0,5,6,0,9,5,0
105.45,14.15,3,7.4449,-0.5771,2697.4,-3.6767,0.23347,0,3,0,5,6,0,9,5,0
105.46,14.152,3,7.3759,-0.57879,2698.1,-3.675,0.1769,0,3,0,5,6,0,9,5,0
105.47,14.154,3,7.3146,-0.58306,2698.8,-3.6733,0.17692,0,3,0,5,6,0,9,5,0
105.48,14.158,3,7.261,-0.58963,2699.4,-3.6715,0.16281,0,3,0,5,6,0,9,5,0
105.5,14.159,3,7.215,-0.59832,2700.0,-3.6697,0.16282,0,3,0,5,6,0,9,5,0
105.5,14.159,3,7.1766,-0.60873,2700.5,-3.6679,0.16282,0,3,0,5,6,0,9,5,0
105.51,14.161,3,7.146,-0.6204,2700.9,-3.666,0.16286,0,3,0,5,6,0,9,5,0
105.52,14.161,3,7.123,-0.63285,2701.3,-3.6641,0.19118,0,3,0,5,6,0,9,5,0
105.53,14.158,3,7.1077,-0.64562,2701.7,-3.6621,0.19113,0,3,0,5,6,0,9,5,0
105.54,14.159,3,7.1,-0.6583,2702.0,-3.6601,0.13451,0,3,0,5,6,0,9,5,0
105.55,14.164,3,7.1,-0.67055,2702.3,-3.6581,0.13456,0,3,0,5,6,0,9,5,0
105.56,14.165,3,7.1,-0.68213,2702.5,-3.656,0.14873,0,3,0,5,6,0,9,5,0
105.57,14.164,3,7.1,-0.69289,2702.7,-3.6539,0.14872,0,3,0,5,6,0,9,5,0
105.58,14.163,3,7.1,-0.70277,2702.8,-3.6517,0.077895,0,3,0,5,6,0,9,5,0
105.59,14.161,3,7.1,-0.7118,2702.8,-3.6495,0.077884,0,3,0,5,6,0,9,5,0
105.61,14.16,3,7.1,-0.72006,2702.8,-3.6473,0.1062,0,3,0,5,6,0,9,5,0
105.61,14.162,3,7.1,-0.72769,2702.8,-3.645,0.10622,0,3,0,5,6,0,9,5,0
105.63,14.163,3,7.1,-0.73478,2702.7,-3.6426,0.19121,0,3,0,5,6,0,9,5,0
105.64,14.159,3,7.1,-0.74157,2702.6,-3.6403,0.19115,0,3,0,5,6,0,9,5,0
105.65,14.163,3,7.1,-0.7482,2702.4,-3.6379,0.23368,0,3,0,5,6,0,9,5,0
105.65,14.166,3,7.1,-0.75483,2702.1,-3.6354,0.23373,0,3,0,5,6,0,9,5,0
105.66,14.156,3,7.1,-0.76159,2701.8,-3.6329,0.1628,0,3,0,5,6,0,9,5,0
105.67,14.161,3,7.1,-0.76855,2701.5,-3.6304,0.16285,0,3,0,5,6,0,9,5,0
105.68,14.163,3,7.1,-0.77579,2701.1,-3.6278,0.13454,0,3,0,5,6,0,9,5,0
105.69,14.168,3,7.1,-0.78336,2700.7,-3.6252,0.1346,0,3,0,5,6,0,9,5,0
105.7,14.165,3,7.1,-0.79127,2700.2,-3.6226,0.077909,0,3,0,5,6,0,9,5,0
105.71,14.168,3,7.1,-0.79941,2699.6,-3.6199,0.077923,0,3,0,5,6,0,9,5,0
105.72,14.167,3,7.1,-0.8079,2699.0,-3.6171,0.02125,0,3,0,5,6,0,9,5,0
105.74,14.166,3,7.1,-0.81671,2698.4,-3.6143,0.021249,0,3,0,5,6,0,9,5,0
105.74,14.158,3,7.1,-0.8258,2697.7,-3.6115,-0.049551,0,3,0,5,6,0,9,5,0
105.76,14.151,3,7.1,-0.83513,2696.9,-3.6087,-0.049528,0,3,0,5,6,0,9,5,0
105.76,14.149,3,7.1,-0.84465,2696.2,-3.6058,0.12027,0,3,0,5,6,0,9,5,0
105.78,14.152,3,7.1,-0.85431,2695.3,-3.6028,0.1203,0,3,0,5,6,0,9,5,0
105.78,14.145,3,7.1,-0.86403,2694.5,-3.5998,0.063652,0,3,0,5,6,0,9,5,0
105.79,14.129,3,7.1,-0.87377,2693.6,-3.5968,0.06358,0,3,0,5,6,0,9,5,0
105.8,14.126,3,7.1,-0.88346,2692.8,-3.5938,0.035315,0,3,0,5,6,0,9,5,0
105.82,14.131,3,7.1,-0.89307,2691.9,-3.5907,0.035328,0,3,0,5,6,0,9,5,0
105.82,14.126,3,7.1,-0.90255,2691.1,-3.5876,0.091817,0,3,0,5,6,0,9,5,0
105.84,14.111,3,7.1,-0.91189,2690.3,-3.5844,0.091722,0,3,0,5,6,0,9,5,0
105.84,14.108,3,7.1,-0.92099,2689.4,-3.5812,0.10581,0,3,0,5,6,0,9,5,0
105.86,14.11,3,7.1,-0.92993,2688.6,-3.5779,0.10582,0,3,0,5,6,0,9,5,0
105.86,14.109,3,7.1,-0.93873,2687.7,-3.5746,0.27512,0,3,0,5,6,0,9,5,0
105.88,14.097,3,7.1,-0.9474,2686.9,-3.5514,0.2749,0,3,0,5,6,0,9,5,0
105.88,14.081,3,7.1,-0.95593,2686.0,-3.5478,0.1901,0,3,0,5,6,0,9,5,0
105.89,14.078,3,7.1,-0.96431,2685.2,-3.5441,0.19006,0,3,0,5,6,0,9,5,0
105.9,14.083,3,7.1,-0.9725,2684.3,-3.5404,0.19013,0,3,0,5,6,0,9,5,0
105.92,14.079,3,7.1,-0.98046,2683.5,-3.5367,0.19007,0,3,0,5,6,0,9,5,0
105.92,14.072,3,7.1,-0.98809,2682.7,-3.5329,0.28848,0,3,0,5,6,0,9,5,0
105.94,14.065,3,7.1,-0.99532,2681.9,-3.5291,0.28834,0,3,0,5,6,0,9,5,0
105.94,14.06,3,7.1,-1.0021,2681.0,-3.5252,-0.0070302,0,3,0,5,6,0,9,5,0
105.96,14.063,3,7.1,-1.0082,2680.2,-3.5213,-0.0070316,0,3,0,5,6,0,9,5,0
105.96,14.053,3,7.1,-1.0136,2679.4,-3.5174,-0.16161,0,3,0,5,6,0,9,5,0
105.97,14.056,3,7.1,-1.0183,2678.6,-3.5134,-0.16165,0,3,0,5,6,0,9,5,0
105.98,14.054,3,7.1,-1.0222,2677.9,-3.5094,0.091348,0,3,0,5,6,0,9,5,0
105.99,14.057,3,7.1,-1.0252,2677.1,-3.5053,0.091373,0,3,0,5,6,0,9,5,0
106.0,14.045,3,7.1,-1.0275,2676.3,-3.5012,0.11938,0,3,0,5,6,0,9,5,0
106.01,14.035,3,7.1,-1.0289,2675.6,-3.4971,0.1193,0,3,0,5,6,0,9,5,0
106.03,14.039,3,7.1,-1.0295,2674.8,-3.493,0.18953,0,3,0,5,6,0,9,5,0
106.04,14.038,3,7.1,-1.0293,2674.1,-3.4888,0.18952,0,3,0,5,6,0,9,5,0
106.05,14.032,3,7.1,-1.0284,2673.3,-3.4845,0.14734,0,3,0,5,6,0,9,5,0
106.06,14.016,3,7.1,-1.0267,2672.6,-3.4802,0.14717,0,3,0,5,6,0,9,5,0
106.06,14.02,3,7.1,-1.0243,2671.9,-3.4759,-0.0070101,0,3,0,5,6,0,9,5,0
106.07,14.014,3,7.1,-1.0212,2671.1,-3.4716,-0.0070071,0,3,0,5,6,0,9,5,0
106.08,14.009,3,7.1,-1.0173,2670.4,-3.4672,0.0070043,0,3,0,5,6,0,9,5,0
106.09,14.001,3,7.1,-1.0127,2669.7,-3.436,0.0070007,0,3,0,5,6,0,9,5,0
106.1,13.998,3,7.1,-1.0075,2669.0,-3.4319,0.020997,0,3,0,5,6,0,9,5,0
106.11,13.991,3,7.1,-1.0016,2668.4,-3.4277,0.020987,0,3,0,5,6,0,9,5,0
106.12,13.991,3,7.1,-0.99513,2667.7,-3.4235,0.17488,0,3,0,5,6,0,9,5,0
106.14,13.981,3,7.1,-0.98838,2667.0,-3.4193,0.17477,0,3,0,5,6,0,9,5,0
106.14,13.978,3,7.1,-0.9814,2666.3,-3.415,0.21666,0,3,0,5,6,0,9,5,0
106.16,13.978,3,7.1,-0.9744,2665.7,-3.4107,0.21665,0,3,0,5,6,0,9,5,0
106.17,13.977,3,7.1,-0.96756,2665.0,-3.4064,0.21664,0,3,0,5,6,0,9,5,0
106.18,13.97,3,7.1,-0.96107,2664.4,-3.402,0.21654,0,3,0,5,6,0,9,5,0
106.18,13.962,3,7.1,-0.9551,2663.8,-3.3975,0.24434,0,3,0,5,6,0,9,5,0
106.19,13.956,3,7.1,-0.94975,2663.1,-3.3931,0.24423,0,3,0,5,6,0,9,5,0
106.2,13.956,3,7.1,-0.94509,2662.5,-3.3886,0.20237,0,3,0,5,6,0,9,5,0
106.22,13.956,3,7.1,-0.94111,2661.9,-3.384,0.20236,0,3,0,5,6,0,9,5,0
106.22,13.95,3,7.1,-0.93773,2661.3,-3.3795,0.13252,0,3,0,5,6,0,9,5,0
106.23,13.946,3,7.1,-0.93485,2660.7,-3.3749,0.13248,0,3,0,5,6,0,9,5,0
106.24,13.944,3,7.1,-0.93229,2660.1,-3.3702,0.076692,0,3,0,5,6,0,9,5,0
106.26,13.941,3,7.1,-0.92989,2659.5,-3.3655,0.076677,0,3,0,5,6,0,9,5,0
106.26,13.935,3,7.1,-0.92723,2659.0,-3.3608,0.048772,0,3,0,5,6,0,9,5,0
106.28,13.931,3,7.1,-0.92438,2658.4,-3.3561,0.04876,0,3,0,5,6,0,9,5,0
106.28,13.925,3,7.1,-0.92122,2657.8,-3.3513,0.076587,0,3,0,5,6,0,9,5,0
106.3,13.926,3,7.1,-0.91768,2657.3,-3.3465,0.076595,0,3,0,5,6,0,9,5,0
106.3,13.913,3,7.1,-0.91374,2656.7,-3.3417,0.034784,0,3,0,5,6,0,9,5,0
106.32,13.914,3,7.1,-0.90947,2656.2,-3.3368,0.034785,0,3,0,5,6,0,9,5,0
106.32,13.911,3,7.1,-0.90496,2655.7,-3.3318,0.0069557,0,3,0,5,6,0,9,5,0
106.33,13.907,3,7.1,-0.90036,2655.2,-3.3269,0.0069536,0,3,0,5,6,0,9,5,0
106.34,13.897,3,7.1,-0.89585,2654.6,-3.3218,0.048639,0,3,0,5,6,0,9,5,0
106.36,13.893,3,7.0999,-0.89172,2654.1,-3.3168,0.048626,0,3,0,5,6,0,9,5,0
106.36,13.892,3,7.0996,-0.88806,2653.6,-3.3118,0.048622,0,3,0,5,6,0,9,5,0
106.38,13.889,3,7.0993,-0.88502,2653.1,-3.3067,0.048611,0,3,0,5,6,0,9,5,0
106.38,13.885,3,7.0988,-0.88275,2652.7,-3.3016,0.13191,0,3,0,5,6,0,9,5,0
106.4,13.887,3,7.0982,-0.88133,2652.2,-3.2965,0.13193,0,3,0,5,6,0,9,5,0
106.4,13.888,3,7.0975,-0.8808,2651.7,-3.2913,0.020833,0,3,0,5,6,0,9,5,0
106.42,13.885,3,7.0966,-0.88115,2651.3,-3.2861,0.020828,0,3,0,5,6,0,9,5,0
106.42,13.881,3,7.0957,-0.88231,2650.8,-3.2809,-0.0069407,0,3,0,5,6,0,9,5,0
106.44,13.886,3,7.0946,-0.88417,2650.3,-3.2756,-0.0069428,0,3,0,5,6,0,9,5,0
106.44,13.882,3,7.0934,-0.88658,2649.9,-3.2703,-0.0069409,0,3,0,5,6,0,9,5,0
106.46,13.883,3,7.092,-0.88938,2649.4,-3.265,-0.0069415,0,3,0,5,6,0,9,5,0
106.46,13.879,3,7.0906,-0.89238,2648.9,-3.2596,0.0069394,0,3,0,5,6,0,9,5,0
106.47,13.877,3,7.089,-0.89537,2648.5,-3.2542,0.0069386,0,3,0,5,6,0,9,5,0
106.48,13.871,3,7.0873,-0.89817,2648.0,-3.2488,0.090159,0,3,0,5,6,0,9,5,0
106.5,13.871,3,7.0855,-0.90095,2647.6,-3.2433,0.090163,0,3,0,5,6,0,9,5,0
106.5,13.866,3,7.0836,-0.90324,2647.1,-3.2378,0.048531,0,3,0,5,6,0,9,5,0
106.51,13.865,3,7.0815,-0.90494,2646.6,-3.1681,0.048527,0,3,0,5,6,0,9,5,0
106.52,13.862,3,7.0794,-0.90602,2646.2,-3.1617,0.048516,0,3,0,5,6,0,9,5,0
106.54,13.859,3,7.0771,-0.90649,2645.7,-3.1553,0.048507,0,3,0,5,6,0,9,5,0
106.54,13.856,3,7.0747,-0.90641,2645.3,-3.1489,0.048495,0,3,0,5,6,0,9,5,0
106.56,13.851,3,7.0721,-0.90592,2644.8,-3.1424,0.048478,0,3,0,5,6,0,9,5,0
106.57,13.853,3,7.0695,-0.90518,2644.3,-3.136,-0.02078,0,3,0,5,6,0,9,5,0
106.57,13.842,3,7.0667,-0.9044,2643.8,-3.1294,-0.020763,0,3,0,5,6,0,9,5,0
106.58,13.846,3,7.0638,-0.90381,2643.3,-3.1229,-0.020769,0,3,0,5,6,0,9,5,0
106.59,13.84,3,7.0608,-0.90365,2642.8,-3.1163,-0.02076,0,3,0,5,6,0,9,5,0
106.6,13.837,3,7.0576,-0.90414,2642.2,-3.1097,-0.048429,0,3,0,5,6,0,9,5,0
106.61,13.834,3,7.0544,-0.90548,2641.6,-3.1031,-0.04842,0,3,0,5,6,0,9,5,0
106.62,13.829,3,7.051,-0.90785,2641.1,-3.0964,0.0069143,0,3,0,5,6,0,9,5,0
106.63,13.823,3,7.0475,-0.91133,2640.4,-3.0897,0.0069114,0,3,0,5,6,0,9,5,0
106.64,13.825,3,7.0439,-0.91598,2639.8,-3.083,0.076036,0,3,0,5,6,0,9,5,0
106.66,13.818,3,7.0402,-0.92178,2639.2,-3.0763,0.075999,0,3,0,5,6,0,9,5,0
106.66,13.812,3,7.0363,-0.92865,2638.5,-3.0695,0.10359,0,3,0,5,6,0,9,5,0
106.67,13.802,3,7.0323,-0.93645,2637.8,-3.0627,0.10352,0,3,0,5,6,0,9,5,0
106.68,13.803,3,7.0282,-0.94499,2637.2,-3.0559,0.10352,0,3,0,5,6,0,9,5,0
106.69,13.797,3,7.024,-0.95403,2636.4,-3.049,0.10348,0,3,0,5,6,0,9,5,0
106.7,13.784,3,7.0196,-0.96331,2635.7,-3.0421,0.11717,0,3,0,5,6,0,9,5,0
106.72,13.785,3,7.0152,-0.97256,2635.0,-3.0353,0.11717,0,3,0,5,6,0,9,5,0
106.72,13.779,3,7.0106,-0.9815,2634.2,-3.0283,0.10334,0,3,0,5,6,0,9,5,0
106.74,13.775,3,7.0059,-0.98987,2633.4,-3.0214,0.10331,0,3,0,5,6,0,9,5,0
106.74,13.767,3,7.0011,-0.99742,2632.6,-3.1153,0.13078,0,3,0,5,6,0,9,5,0
106.76,13.763,3,6.9961,-1.0039,2631.8,-3.1071,0.13075,0,3,0,5,6,0,9,5,0
106.76,13.754,3,6.991,-1.0093,2630.9,-3.0988,0.13066,0,3,0,5,6,0,9,5,0
106.78,13.752,3,6.9859,-1.0135,2630.1,-3.0905,0.13064,0,3,0,5,6,0,9,5,0
106.78,13.746,3,6.9805,-1.0163,2629.2,-3.0822,0.18557,0,3,0,5,6,0,9,5,0
106.8,13.739,3,6.9751,-1.0177,2628.3,-3.0739,0.18547,0,3,0,5,6,0,9,5,0
106.8,13.737,3,6.9696,-1.0178,2627.4,-3.0656,0.14424,0,3,0,5,6,0,9,5,0
106.82,13.732,3,6.9639,-1.0166,2626.5,-3.0572,0.14419,0,3,0,5,6,0,9,5,0
106.82,13.729,3,6.9581,-1.0141,2625.5,-3.0489,0.17161,0,3,0,5,6,0,9,5,0
106.83,13.723,3,6.9522,-1.0107,2624.6,-3.0405,0.17154,0,3,0,5,6,0,9,5,0
106.84,13.716,3,6.9462,-1.0064,2623.6,-3.0321,0.17145,0,3,0,5,6,0,9,5,0
106.86,13.713,3,6.94,-1.0016,2622.6,-3.0238,0.17142,0,3,0,5,6,0,9,5,0
106.86,13.711,3,6.9338,-0.99623,2621.6,-3.0154,0.1988,0,3,0,5,6,0,9,5,0
106.88,13.708,3,6.9277,-0.9907,2620.5,-3.007,0.19877,0,3,0,5,6,0,9,5,0
106.88,13.7,3,6.9215,-0.98513,2619.5,-2.9986,0.18495,0,3,0,5,6,0,9,5,0
106.9,13.691,3,6.9154,-0.97969,2618.4,-2.9901,0.18483,0,3,0,5,6,0,9,5,0
106.9,13.686,3,6.9092,-0.97451,2617.3,-2.9817,0.17108,0,3,0,5,6,0,9,5,0
106.92,13.683,3,6.9031,-0.96994,2616.2,-2.9734,0.17104,0,3,0,5,6,0,9,5,0
106.92,13.68,3,6.8969,-0.96579,2615.1,-2.965,0.12996,0,3,0,5,6,0,9,5,0
106.94,13.674,3,6.8908,-0.96205,2613.9,-2.9565,0.1299,0,3,0,5,6,0,9,5,0
106.94,13.667,3,6.8846,-0.95871,2612.8,-2.9481,0.12984,0,3,0,5,6,0,9,5,0
106.96,13.66,3,6.8785,-0.9557,2611.6,-2.9397,0.12977,0,3,0,5,6,0,9,5,0
106.97,13.653,3,6.8723,-0.95292,2610.4,-2.9313,0.1297,0,3,0,5,6,0,9,5,0
106.97,13.645,3,6.8662,-0.95025,2609.2,-2.9229,0.12962,0,3,0,5,6,0,9,5,0
106.99,13.638,3,6.86,-0.94758,2608.0,-2.9145,0.12956,0,3,0,5,6,0,9,5,0
106.99,13.635,3,6.8538,-0.94475,2606.7,-2.9061,0.12953,0,3,0,5,6,0,9,5,0
107.01,13.628,3,6.8478,-0.9413,2605.4,-2.8977,0.11584,0,3,0,5,6,0,9,5,0
107.01,13.616,3,6.8419,-0.93747,2604.2,-2.8892,0.061271,0,3,0,5,6,0,9,5,0
107.02,13.611,3,6.8361,-0.93315,2602.8,-2.8808,0.047639,0,3,0,5,6,0,9,5,0
107.03,13.607,3,6.8304,-0.92829,2601.5,-2.8724,0.047624,0,3,0,5,6,0,9,5,0
107.04,13.603,3,6.8249,-0.92286,2600.2,-2.864,0.088417,0,3,0,5,6,0,9,5,0
107.06,13.602,3,6.8195,-0.91688,2598.8,-2.8556,0.08841,0,3,0,5,6,0,9,5,0
107.06,13.593,3,6.8141,-0.91041,2597.5,-2.8472,0.033982,0,3,0,5,6,0,9,5,0
107.08,13.596,3,6.809,-0.90355,2596.1,-2.8388,0.03399,0,3,0,5,6,0,9,5,0
107.08,13.595,3,6.8039,-0.89642,2594.7,-2.8305,0.020392,0,3,0,5,6,0,9,5,0
107.09,13.592,3,6.7989,-0.88918,2593.3,-2.8221,0.033979,0,3,0,5,6,0,9,5,0
107.1,13.587,3,6.7941,-0.882,2591.9,-2.8138,-0.020381,0,3,0,5,6,0,9,5,0
107.11,13.594,3,6.7894,-0.87504,2590.6,-2.8054,0.033985,0,3,0,5,6,0,9,5,0
107.12,13.592,3,6.7848,-0.86848,2589.2,-2.7971,0.033979,0,3,0,5,6,0,9,5,0
107.13,13.589,3,6.7804,-0.86218,2587.8,-2.7888,0.033972,0,3,0,5,6,0,9,5,0
107.14,13.58,3,6.776,-0.85654,2586.4,-2.7805,0.033951,0,3,0,5,6,0,9,5,0
107.15,13.582,3,6.7718,-0.8516,2585.1,-2.7722,0.020373,0,3,0,5,6,0,9,5,0
107.16,13.582,3,6.7677,-0.84742,2583.7,-2.8404,0.020373,0,3,0,5,6,0,9,5,0
107.17,13.575,3,6.7637,-0.84397,2582.3,-2.8331,0.020362,0,3,0,5,6,0,9,5,0
107.18,13.575,3,6.7598,-0.84122,2580.9,-2.8258,-0.0067874,0,3,0,5,6,0,9,5,0
107.19,13.573,3,6.7561,-0.83909,2579.6,-2.8185,-0.0067863,0,3,0,5,6,0,9,5,0
107.2,13.565,3,6.7525,-0.8375,2578.2,-2.8112,-0.0067824,0,3,0,5,6,0,9,5,0
107.22,13.554,3,6.749,-0.83635,2576.8,-2.804,-0.0067772,0,3,0,5,6,0,9,5,0
107.22,13.556,3,6.7456,-0.83557,2575.3,-2.7968,-0.0067781,0,3,0,5,6,0,9,5,0
107.24,13.55,3,6.7424,-0.83509,2573.9,-2.7896,-0.0067749,0,3,0,5,6,0,9,5,0
107.24,13.547,3,6.7392,-0.83489,2572.4,-2.7825,0.033867,0,3,0,5,6,0,9,5,0
107.25,13.541,3,6.7362,-0.83495,2570.9,-2.7753,0.060934,0,3,0,5,6,0,9,5,0
107.26,13.537,3,6.7333,-0.83532,2569.4,-2.7682,0.060917,0,3,0,5,6,0,9,5,0
107.27,13.533,3,6.7305,-0.83607,2567.8,-2.7611,0.033832,0,3,0,5,6,0,9,5,0
107.28,13.529,3,6.7279,-0.83729,2566.2,-2.754,0.033821,0,3,0,5,6,0,9,5,0
107.29,13.526,3,6.7253,-0.8391,2564.6,-2.747,0.074393,0,3,0,5,6,0,9,5,0
107.3,13.525,3,6.7229,-0.84164,2563.0,-2.74,0.074388,0,3,0,5,6,0,9,5,0
107.31,13.522,3,6.7206,-0.84505,2561.4,-2.733,-0.0067609,0,3,0,5,6,0,9,5,0
107.32,13.522,3,6.7185,-0.84946,2559.7,-2.726,-0.0067611,0,3,0,5,6,0,9,5,0
107.33,13.522,3,6.7164,-0.85499,2558.0,-2.719,-0.020282,0,3,0,5,6,0,9,5,0
107.34,13.516,3,6.7145,-0.86174,2556.2,-2.7121,-0.033791,0,3,0,5,6,0,9,5,0
107.35,13.516,3,6.7127,-0.86979,2554.5,-2.7052,-0.03379,0,3,0,5,6,0,9,5,0
107.36,13.513,3,6.711,-0.87918,2552.7,-2.6983,-0.033784,0,3,0,5,6,0,9,5,0
107.37,13.516,3,6.7094,-0.88994,2550.9,-2.6915,-0.0067582,0,3,0,5,6,0,9,5,0
107.38,13.513,3,6.708,-0.90205,2549.1,-2.6078,-0.0067565,0,3,0,5,6,0,9,5,0
107.39,13.511,3,6.7066,-0.91545,2547.2,-2.602,-0.0067553,0,3,0,5,6,0,9,5,0
107.41,13.506,3,6.7054,-0.93007,2545.3,-2.5962,0.033765,0,3,0,5,6,0,9,5,0
107.41,13.503,3,6.7043,-0.9458,2543.4,-2.5904,0.033759,0,3,0,5,6,0,9,5,0
107.43,13.499,3,6.7034,-0.96228,2541.5,-2.5847,0.0067496,0,3,0,5,6,0,9,5,0
107.43,13.495,3,6.7025,-0.97961,2539.5,-2.579,0.033738,0,3,0,5,6,0,9,5,0
107.44,13.488,3,6.7018,-0.99766,2537.5,-2.5732,0.0067438,0,3,0,5,6,0,9,5,0
107.46,13.48,3,6.7012,-1.0163,2535.5,-2.5676,0.00674,0,3,0,5,6,0,9,5,0
107.46,13.474,3,6.7007,-1.0355,2533.5,-2.5619,0.047158,0,3,0,5,6,0,9,5,0
107.47,13.465,3,6.7004,-1.055,2531.4,-2.5563,0.047126,0,3,0,5,6,0,9,5,0
107.48,13.457,3,6.7001,-1.075,2529.3,-2.5507,0.060557,0,3,0,5,6,0,9,5,0
107.5,13.451,3,6.7,-1.0952,2527.2,-2.5451,0.060531,0,3,0,5,6,0,9,5,0
107.5,13.447,3,6.7,-1.1159,2525.1,-2.5396,0.060509,0,3,0,5,6,0,9,5,0
107.52,13.437,3,6.7,-1.1371,2522.9,-2.534,0.060468,0,3,0,5,6,0,9,5,0
107.52,13.427,3,6.7,-1.1587,2520.7,-2.5286,0.087275,0,3,0,5,6,0,9,5,0
107.53,13.421,3,6.7,-1.181,2518.5,-2.5231,0.033553,0,3,0,5,6,0,9,5,0
107.54,13.418,3,6.7,-1.204,2516.3,-2.5177,0.033544,0,3,0,5,6,0,9,5,0
107.55,13.413,3,6.7,-1.2277,2514.0,-2.5122,0.0067063,0,3,0,5,6,0,9,5,0
107.56,13.406,3,6.7,-1.2521,2511.7,-2.5067,0.006703,0,3,0,5,6,0,9,5,0
107.57,13.399,3,6.7,-1.2773,2509.4,-2.5014,-0.033497,0,3,0,5,6,0,9,5,0
107.58,13.394,3,6.7,-1.3033,2507.1,-2.496,-0.033486,0,3,0,5,6,0,9,5,0
107.6,13.383,3,6.7,-1.3298,2504.7,-2.4907,-0.033458,0,3,0,5,6,0,9,5,0
107.6,13.379,3,6.7,-1.3567,2502.3,-2.4854,-0.020069,0,3,0,5,6,0,9,5,0
107.61,13.376,3,6.7,-1.3838,2499.9,-2.4801,-0.046817,0,3,0,5,6,0,9,5,0
107.62,13.369,3,6.7,-1.4109,2497.5,-2.4749,-0.046791,0,3,0,5,6,0,9,5,0
107.63,13.359,3,6.7,-1.4377,2495.0,-2.4696,-0.0066795,0,3,0,5,6,0,9,5,0
107.64,13.35,3,6.6999,-1.4643,2492.5,-2.4645,-0.006675,0,3,0,5,6,0,9,5,0
107.65,13.344,3,6.6996,-1.4903,2490.0,-2.4593,-0.0066719,0,3,0,5,6,0,9,5,0
107.66,13.333,3,6.6993,-1.5154,2487.4,-2.4541,0.02,0,3,0,5,6,0,9,5,0
107.67,13.321,3,6.6988,-1.5396,2484.9,-2.449,0.046623,0,3,0,5,6,0,9,5,0
107.68,13.308,3,6.6982,-1.5629,2482.3,-2.4439,0.046579,0,3,0,5,6,0,9,5,0
107.69,13.29,3,6.6974,-1.5854,2479.7,-2.4388,0.019936,0,3,0,5,6,0,9,5,0
107.7,13.277,3,6.6966,-1.6071,2477.0,-2.4338,0.019915,0,3,0,5,6,0,9,5,0
107.72,13.262,3,6.6956,-1.6282,2474.4,-2.4287,0.019893,0,3,0,5,6,0,9,5,0
107.72,13.244,3,6.6945,-1.6488,2471.7,-2.4237,0.019865,0,3,0,5,6,0,9,5,0
107.73,13.229,3,6.6933,-1.6691,2469.0,-2.4188,0.019843,0,3,0,5,6,0,9,5,0
107.74,13.213,3,6.6919,-1.6894,2466.3,-2.4138,0.01982,0,3,0,5,6,0,9,5,0
107.75,13.201,3,6.6904,-1.7097,2463.7,-2.4089,0.0066006,0,3,0,5,6,0,9,5,0
107.76,13.183,3,6.6888,-1.7302,2461.0,-2.4041,0.0065916,0,3,0,5,6,0,9,5,0
107.77,13.169,3,6.6871,-1.7509,2458.3,-2.3992,0.059258,0,3,0,5,6,0,9,5,0
107.78,13.15,3,6.6853,-1.772,2455.7,-2.3944,0.059174,0,3,0,5,6,0,9,5,0
107.79,13.138,3,6.6833,-1.7932,2453.0,-2.3896,0.085397,0,3,0,5,6,0,9,5,0
107.8,13.125,3,6.6812,-1.8146,2450.3,-2.3397,0.085314,0,3,0,5,6,0,9,5,0
107.81,13.109,3,6.679,-1.8362,2447.7,-2.3344,0.05899,0,3,0,5,6,0,9,5,0
107.83,13.089,3,6.6767,-1.8579,2445.0,-2.3291,0.085077,0,3,0,5,6,0,9,5,0
107.83,13.077,3,6.6743,-1.8795,2442.3,-2.3239,0.0065385,0,3,0,5,6,0,9,5,0
107.85,13.063,3,6.6717,-1.9008,2439.7,-2.3187,-0.0065313,0,3,0,5,6,0,9,5,0
107.85,13.047,3,6.669,-1.9216,2437.0,-2.3134,0.045665,0,3,0,5,6,0,9,5,0
107.86,13.029,3,6.6662,-1.9418,2434.3,-2.3083,-0.0065144,0,3,0,5,6,0,9,5,0
107.88,13.011,3,6.6632,-1.9612,2431.6,-2.3031,-0.0065053,0,3,0,5,6,0,9,5,0
107.89,12.992,3,6.6602,-1.9796,2428.9,-2.298,-0.0064962,0,3,0,5,6,0,9,5,0
107.89,12.976,3,6.657,-1.9968,2426.2,-2.2929,0.0064882,0,3,0,5,6,0,9,5,0
107.91,12.96,3,6.6537,-2.0129,2423.5,-2.2878,0.00648,0,3,0,5,6,0,9,5,0
107.92,12.948,3,6.6502,-2.0276,2420.7,-2.2827,0.0064739,0,3,0,5,6,0,9,5,0
107.92,12.931,3,6.6467,-2.041,2418.0,-2.2776,0.032328,0,3,0,5,6,0,9,5,0
107.94,12.914,3,6.643,-2.053,2415.2,-2.2726,0.032284,0,3,0,5,6,0,9,5,0
107.94,12.895,3,6.6392,-2.0638,2412.5,-2.2676,0.032238,0,3,0,5,6,0,9,5,0
107.96,12.878,3,6.6353,-2.0735,2409.7,-2.2626,-0.0064389,0,3,0,5,6,0,9,5,0
107.97,12.865,3,6.6313,-2.082,2406.9,-2.2577,-0.0064323,0,3,0,5,6,0,9,5,0
107.97,12.843,3,6.6271,-2.0896,2404.1,-2.2528,-0.019265,0,3,0,5,6,0,9,5,0
107.98,12.826,3,6.6228,-2.0965,2401.3,-2.2479,-0.019239,0,3,0,5,6,0,9,5,0
107.99,12.807,3,6.6184,-2.1027,2398.5,-2.243,-0.0064036,0,3,0,5,6,0,9,5,0
108.01,12.788,3,6.6138,-2.1085,2395.7,-2.2382,-0.0063941,0,3,0,5,6,0,9,5,0
108.02,12.77,3,6.6092,-2.114,2392.8,-2.2334,-0.031925,0,3,0,5,6,0,9,5,0
108.03,12.752,3,6.6044,-2.1194,2390.0,-2.2286,-0.031881,0,3,0,5,6,0,9,5,0
108.04,12.732,3,6.5995,-2.1246,2387.1,-2.2238,-0.044562,0,3,0,5,6,0,9,5,0
108.05,12.716,3,6.5945,-2.1299,2384.3,-2.1582,-0.044507,0,3,0,5,6,0,9,5,0
108.06,12.697,3,6.5893,-2.1353,2381.4,-2.1543,-0.044439,0,3,0,5,6,0,9,5,0
108.06,12.678,3,6.5841,-2.1409,2378.5,-2.1503,-0.044372,0,3,0,5,6,0,9,5,0
108.08,12.663,3,6.5787,-2.1467,2375.6,-2.1464,0.018995,0,3,0,5,6,0,9,5,0
108.08,12.644,3,6.5732,-2.1527,2372.7,-2.1425,0.018966,0,3,0,5,6,0,9,5,0
108.1,12.629,3,6.5675,-2.1589,2369.8,-2.1387,-0.0063144,0,3,0,5,6,0,9,5,0
108.11,12.61,3,6.5618,-2.1653,2366.8,-2.1348,-0.0063048,0,3,0,5,6,0,9,5,0
108.11,12.593,3,6.5559,-2.1718,2363.9,-2.131,-0.031482,0,3,0,5,6,0,9,5,0
108.13,12.577,3,6.5499,-2.1785,2360.9,-2.1272,-0.031443,0,3,0,5,6,0,9,5,0
108.14,12.558,3,6.5438,-2.1853,2358.0,-2.1234,-0.056511,0,3,0,5,6,0,9,5,0
108.15,12.54,3,6.5375,-2.1922,2355.0,-2.1197,-0.05643,0,3,0,5,6,0,9,5,0
108.16,12.524,3,6.5313,-2.1991,2352.0,-2.1159,-0.068883,0,3,0,5,6,0,9,5,0
108.16,12.508,3,6.525,-2.2061,2349.0,-2.1122,-0.068795,0,3,0,5,6,0,9,5,0
108.18,12.49,3,6.5187,-2.2129,2346.0,-2.1085,-0.043717,0,3,0,5,6,0,9,5,0
108.18,12.471,3,6.5125,-2.2195,2343.0,-2.1048,-0.043649,0,3,0,5,6,0,9,5,0
108.19,12.449,3,6.5063,-2.2258,2340.0,-2.1011,-0.018674,0,3,0,5,6,0,9,5,0
108.2,12.43,3,6.5,-2.2318,2336.9,-2.0975,-0.018645,0,3,0,5,6,0,9,5,0
108.21,12.411,3,6.4937,-2.2375,2333.9,-2.0939,-0.0062055,0,3,0,5,6,0,9,5,0
108.22,12.391,3,6.4875,-2.2428,2330.8,-2.0903,-0.0061957,0,3,0,5,6,0,9,5,0
108.23,12.374,3,6.4813,-2.2476,2327.7,-2.0867,-0.043308,0,3,0,5,6,0,9,5,0
108.25,12.355,3,6.475,-2.252,2324.7,-2.0832,-0.043242,0,3,0,5,6,0,9,5,0
108.25,12.332,3,6.4688,-2.256,2321.6,-2.0796,-0.067825,0,3,0,5,6,0,9,5,0
108.27,12.312,3,6.4625,-2.2597,2318.5,-2.0761,-0.10466,0,3,0,5,6,0,9,5,0
108.27,12.297,3,6.4562,-2.2633,2315.4,-2.0727,-0.12912,0,3,0,5,6,0,9,5,0
108.29,12.277,3,6.4501,-2.2668,2312.2,-2.069,-0.11663,0,3,0,5,6,0,9,5,0
108.29,12.258,3,6.4441,-2.2706,2309.1,-2.0656,-0.10419,0,3,0,5,6,0,9,5,0
108.3,12.24,3,6.4382,-2.2749,2306.0,-2.0622,-0.16524,0,3,0,5,6,0,9,5,0
108.32,12.222,3,6.4325,-2.2798,2302.8,-2.0588,-0.12833,0,3,0,5,6,0,9,5,0
108.32,12.202,3,6.4268,-2.2853,2299.6,-2.0554,-0.14033,0,3,0,5,6,0,9,5,0
108.33,12.183,3,6.4213,-2.2914,2296.5,-2.0521,-0.11574,0,3,0,5,6,0,9,5,0
108.34,12.167,3,6.4159,-2.2983,2293.3,-2.0487,-0.13992,0,3,0,5,6,0,9,5,0
108.36,12.145,3,6.4107,-2.3058,2290.1,-2.0454,-0.13967,0,3,0,5,6,0,9,5,0
108.36,12.123,3,6.4055,-2.3139,2286.9,-2.0421,-0.10304,0,3,0,5,6,0,9,5,0
108.38,12.103,3,6.4005,-2.3224,2283.7,-2.0388,-0.10288,0,3,0,5,6,0,9,5,0
108.38,12.086,3,6.3956,-2.3312,2280.5,-2.0355,-0.090643,0,3,0,5,6,0,9,5,0
108.39,12.065,3,6.3908,-2.34,2277.2,-2.0322,-0.10255,0,3,0,5,6,0,9,5,0
108.4,12.045,3,6.3862,-2.3487,2274.0,-2.029,-0.10238,0,3,0,5,6,0,9,5,0
108.41,12.023,3,6.3816,-2.357,2270.8,-2.0257,-0.090174,0,3,0,5,6,0,9,5,0
108.42,12.003,3,6.3772,-2.3648,2267.6,-2.0225,-0.090021,0,3,0,5,6,0,9,5,0
108.43,11.982,3,6.3729,-2.3725,2264.4,-2.0193,-0.10185,0,3,0,5,6,0,9,5,0
108.44,11.965,3,6.3688,-2.3795,2261.2,-2.0162,-0.077773,0,3,0,5,6,0,9,5,0
108.46,11.94,3,6.3647,-2.3859,2258.0,-2.013,-0.05373,0,3,0,5,6,0,9,5,0
108.46,11.922,3,6.3608,-2.3917,2254.8,-2.0624,-0.053649,0,3,0,5,6,0,9,5,0
108.47,11.902,3,6.357,-2.397,2251.6,-2.0599,-0.053559,0,3,0,5,6,0,9,5,0
108.48,11.882,3,6.3533,-2.4019,2248.4,-2.0575,-0.053468,0,3,0,5,6,0,9,5,0
108.49,11.859,3,6.3498,-2.4066,2245.2,-2.0551,-0.0059294,0,3,0,5,6,0,9,5,0
108.5,11.837,3,6.3463,-2.4113,2242.0,-2.0527,-0.0059185,0,3,0,5,6,0,9,5,0
108.51,11.817,3,6.343,-2.4161,2238.8,-2.0503,-0.0059086,0,3,0,5,6,0,9,5,0
108.52,11.796,3,6.3398,-2.4211,2235.5,-2.048,0.0058981,0,3,0,5,6,0,9,5,0
108.53,11.776,3,6.3368,-2.4264,2232.3,-2.0457,0.017664,0,3,0,5,6,0,9,5,0
108.54,11.754,3,6.3338,-2.432,2229.1,-2.0433,0.029385,0,3,0,5,6,0,9,5,0
108.55,11.739,3,6.331,-2.4381,2225.9,-2.0411,-0.0058696,0,3,0,5,6,0,9,5,0
108.56,11.718,3,6.3283,-2.4444,2222.7,-2.0389,-0.029296,0,3,0,5,6,0,9,5,0
108.58,11.696,3,6.3257,-2.451,2219.5,-2.0367,-0.029241,0,3,0,5,6,0,9,5,0
108.58,11.673,3,6.3233,-2.4577,2216.2,-2.0345,-0.052528,0,3,0,5,6,0,9,5,0
108.59,11.657,3,6.321,-2.4645,2213.0,-2.0323,-0.052455,0,3,0,5,6,0,9,5,0
108.6,11.635,3,6.3188,-2.4712,2209.8,-2.0301,-0.06399,0,3,0,5,6,0,9,5,0
108.61,11.61,3,6.3167,-2.4777,2206.6,-2.028,-0.052243,0,3,0,5,6,0,9,5,0
108.62,11.59,3,6.3147,-2.484,2203.3,-2.0259,-0.063743,0,3,0,5,6,0,9,5,0
108.63,11.568,3,6.3129,-2.4898,2200.1,-2.0238,-0.02892,0,3,0,5,6,0,9,5,0
108.65,11.542,3,6.3112,-2.4953,2196.9,-2.0217,-0.017314,0,3,0,5,6,0,9,5,0
108.65,11.521,3,6.3096,-2.5002,2193.6,-2.0197,-0.017282,0,3,0,5,6,0,9,5,0
108.67,11.502,3,6.3081,-2.5047,2190.4,-2.0176,-0.028755,0,3,0,5,6,0,9,5,0
108.67,11.477,3,6.3067,-2.5087,2187.2,-2.0156,-0.040169,0,3,0,5,6,0,9,5,0
108.69,11.456,3,6.3055,-2.5121,2183.9,-2.1532,-0.05155,0,3,0,5,6,0,9,5,0
108.69,11.435,3,6.3044,-2.5151,2180.7,-2.1495,-0.017152,0,3,0,5,6,0,9,5,0
108.71,11.413,3,6.3034,-2.5176,2177.4,-2.1458,-0.028533,0,3,0,5,6,0,9,5,0
108.72,11.391,3,6.3026,-2.5197,2174.2,-2.1421,-0.028477,0,3,0,5,6,0,9,5,0
108.72,11.367,3,6.3018,-2.5212,2170.9,-2.1385,-0.0056836,0,3,0,5,6,0,9,5,0
108.74,11.343,3,6.3012,-2.5224,2167.7,-2.1349,-0.017015,0,3,0,5,6,0,9,5,0
108.74,11.325,3,6.3007,-2.5231,2164.4,-2.1313,0.016988,0,3,0,5,6,0,9,5,0
108.76,11.307,3,6.3004,-2.5235,2161.2,-2.1278,-0.028267,0,3,0,5,6,0,9,5,0
108.76,11.283,3,6.3001,-2.5236,2157.9,-2.1243,-0.062054,0,3,0,5,6,0,9,5,0
108.78,11.259,3,6.3,-2.5232,2154.7,-2.1208,-0.061924,0,3,0,5,6,0,9,5,0
108.78,11.239,3,6.3,-2.5224,2151.4,-2.1174,-0.084295,0,3,0,5,6,0,9,5,0
108.8,11.219,3,6.3,-2.5211,2148.2,-2.114,-0.084139,0,3,0,5,6,0,9,5,0
108.8,11.196,3,6.3,-2.5192,2144.9,-2.1106,-0.072777,0,3,0,5,6,0,9,5,0
108.81,11.175,3,6.3,-2.5167,2141.6,-2.1073,-0.050288,0,3,0,5,6,0,9,5,0
108.82,11.152,3,6.3,-2.5135,2138.4,-2.104,-0.050183,0,3,0,5,6,0,9,5,0
108.83,11.128,3,6.3,-2.5095,2135.1,-2.1007,-0.061207,0,3,0,5,6,0,9,5,0
108.84,11.107,3,6.3,-2.5045,2131.8,-2.0975,-0.061088,0,3,0,5,6,0,9,5,0
108.85,11.082,3,6.3,-2.4983,2128.6,-2.0943,-0.072031,0,3,0,5,6,0,9,5,0
108.86,11.059,3,6.3,-2.4911,2125.3,-2.091,-0.071883,0,3,0,5,6,0,9,5,0
108.87,11.038,3,6.3,-2.4831,2122.0,-2.0879,-0.0055189,0,3,0,5,6,0,9,5,0
108.88,11.014,3,6.3,-2.4742,2118.7,-2.0847,-0.0055071,0,3,0,5,6,0,9,5,0
108.89,10.991,3,6.3,-2.4647,2115.5,-2.0817,-0.016486,0,3,0,5,6,0,9,5,0
108.9,10.971,3,6.3,-2.4545,2112.2,-2.0786,0.0054855,0,3,0,5,6,0,9,5,0
108.91,10.951,3,6.3,-2.4439,2108.9,-2.0756,0.016426,0,3,0,5,6,0,9,5,0
108.92,10.928,3,6.3,-2.433,2105.6,-2.0725,0.016392,0,3,0,5,6,0,9,5,0
108.93,10.906,3,6.2999,-2.422,2102.3,-2.0698,-0.03817,0,3,0,5,6,0,9,5,0
108.94,10.882,3,6.2996,-2.4105,2099.1,-2.0669,-0.038088,0,3,0,5,6,0,9,5,0
108.95,10.86,3,6.2993,-2.3991,2095.8,-2.0639,-0.048869,0,3,0,5,6,0,9,5,0
108.96,10.833,3,6.2988,-2.388,2092.5,-2.061,-0.04875,0,3,0,5,6,0,9,5,0
108.97,10.815,3,6.2982,-2.3771,2089.2,-2.0581,-0.037851,0,3,0,5,6,0,9,5,0
108.98,10.794,3,6.2974,-2.3664,2085.9,-2.0553,-0.037778,0,3,0,5,6,0,9,5,0
108.99,10.773,3,6.2966,-2.3559,2082.6,-2.0525,-0.037706,0,3,0,5,6,0,9,5,0
109.0,10.756,3,6.2956,-2.3455,2079.3,-2.0498,-0.037646,0,3,0,5,6,0,9,5,0
109.01,10.735,3,6.2945,-2.3351,2076.0,-2.0471,-0.069777,0,3,0,5,6,0,9,5,0
109.02,10.714,3,6.2933,-2.3246,2072.7,-2.0444,-0.1125,0,3,0,5,6,0,9,5,0
109.03,10.694,3,6.2919,-2.3138,2069.4,-2.0418,-0.12298,0,3,0,5,6,0,9,5,0
109.04,10.672,3,6.2904,-2.3027,2066.1,-2.0392,-0.12273,0,3,0,5,6,0,9,5,0
109.05,10.655,3,6.2888,-2.2911,2062.8,-2.0366,-0.11188,0,3,0,5,6,0,9,5,0
109.07,10.634,3,6.2871,-2.2791,2059.5,-2.0341,-0.11165,0,3,0,5,6,0,9,5,0
109.08,10.614,3,6.2853,-2.2665,2056.2,-2.0316,-0.10084,0,3,0,5,6,0,9,5,0
109.08,10.596,3,6.2833,-2.2526,2052.9,-2.0291,-0.079471,0,3,0,5,6,0,9,5,0
109.1,10.577,3,6.2813,-2.2383,2049.6,-2.0267,-0.047598,0,3,0,5,6,0,9,5,0
109.1,10.56,3,6.279,-2.2236,2046.3,-1.8916,-0.036961,0,3,0,5,6,0,9,5,0
109.12,10.543,3,6.2767,-2.2085,2043.0,-1.8875,-0.036901,0,3,0,5,6,0,9,5,0
109.12,10.526,3,6.2743,-2.1932,2039.7,-1.8835,-0.047366,0,3,0,5,6,0,9,5,0
109.14,10.509,3,6.2717,-2.1777,2036.5,-1.8795,-0.047289,0,3,0,5,6,0,9,5,0
109.14,10.489,3,6.269,-2.1622,2033.2,-1.8755,-0.026222,0,3,0,5,6,0,9,5,0
109.16,10.469,3,6.2662,-2.1468,2029.9,-1.8716,-0.026173,0,3,0,5,6,0,9,5,0
109.16,10.454,3,6.2632,-2.1316,2026.6,-1.8677,-0.026135,0,3,0,5,6,0,9,5,0
109.18,10.439,3,6.2602,-2.1166,2023.3,-1.8637,-0.067852,0,3,0,5,6,0,9,5,0
109.18,10.423,3,6.257,-2.1021,2020.1,-1.8599,-0.057329,0,3,0,5,6,0,9,5,0
109.19,10.407,3,6.2537,-2.0881,2016.9,-1.856,-0.088458,0,3,0,5,6,0,9,5,0
109.2,10.389,3,6.2502,-2.0748,2013.7,-1.8521,-0.088307,0,3,0,5,6,0,9,5,0
109.21,10.37,3,6.2467,-2.0621,2010.5,-1.8483,-0.088148,0,3,0,5,6,0,9,5,0
109.22,10.356,3,6.243,-2.0504,2007.3,-1.8445,-0.088027,0,3,0,5,6,0,9,5,0
109.23,10.338,3,6.2392,-2.0395,2004.1,-1.8407,-0.056861,0,3,0,5,6,0,9,5,0
109.24,10.322,3,6.2353,-2.0296,2000.9,-1.837,-0.056771,0,3,0,5,6,0,9,5,0
109.25,10.306,3,6.2312,-2.0207,1997.8,-1.8333,-0.087597,0,3,0,5,6,0,9,5,0
109.26,10.288,3,6.2271,-2.0127,1994.7,-1.8296,-0.087444,0,3,0,5,6,0,9,5,0
109.27,10.271,3,6.2228,-2.0057,1991.5,-1.8259,-0.087307,0,3,0,5,6,0,9,5,0
109.28,10.254,3,6.2184,-1.9995,1988.4,-1.8222,-0.087161,0,3,0,5,6,0,9,5,0
109.29,10.237,3,6.2138,-1.994,1985.3,-1.8186,-0.097247,0,3,0,5,6,0,9,5,0
109.3,10.221,3,6.2092,-1.989,1982.2,-1.815,-0.097097,0,3,0,5,6,0,9,5,0
109.31,10.205,3,6.2044,-1.9843,1979.2,-1.8115,-0.056126,0,3,0,5,6,0,9,5,0
109.32,10.187,3,6.1995,-1.9796,1976.1,-1.8079,-0.056027,0,3,0,5,6,0,9,5,0
109.33,10.172,3,6.1945,-1.9748,1973.1,-1.5997,-0.096631,0,3,0,5,6,0,9,5,0
109.34,10.158,3,6.1893,-1.9697,1970.1,-1.5988,-0.096496,0,3,0,5,6,0,9,5,0
109.35,10.144,3,6.1841,-1.9641,1967.0,-1.5979,-0.10651,0,3,0,5,6,0,9,5,0
109.36,10.126,3,6.1787,-1.9584,1964.0,-1.597,-0.10632,0,3,0,5,6,0,9,5,0
109.37,10.11,3,6.1732,-1.9519,1961.1,-1.5961,-0.085936,0,3,0,5,6,0,9,5,0
109.38,10.096,3,6.1675,-1.9447,1958.1,-1.5952,-0.085816,0,3,0,5,6,0,9,5,0
109.39,10.078,3,6.1618,-1.9368,1955.1,-1.5944,-0.10582,0,3,0,5,6,0,9,5,0
109.4,10.063,3,6.1559,-1.9281,1952.2,-1.5935,-0.10566,0,3,0,5,6,0,9,5,0
109.41,10.048,3,6.1499,-1.9188,1949.2,-1.5926,-0.1256,0,3,0,5,6,0,9,5,0
109.42,10.032,3,6.1437,-1.9089,1946.3,-1.5918,-0.12541,0,3,0,5,6,0,9,5,0
109.43,10.015,3,6.1375,-1.8986,1943.4,-1.5909,-0.085124,0,3,0,5,6,0,9,5,0
109.44,9.9981,3,6.1313,-1.888,1940.5,-1.5901,-0.084984,0,3,0,5,6,0,9,5,0
109.45,9.9846,3,6.125,-1.8771,1937.7,-1.5892,-0.094854,0,3,0,5,6,0,9,5,0
109.46,9.9686,3,6.1187,-1.8661,1934.8,-1.5884,-0.094702,0,3,0,5,6,0,9,5,0
109.47,9.9482,3,6.1125,-1.8552,1931.9,-1.5876,-0.034819,0,3,0,5,6,0,9,5,0
109.49,9.9323,3,6.1063,-1.8444,1929.1,-1.5867,-0.034763,0,3,0,5,6,0,9,5,0
109.5,9.9181,3,6.1,-1.834,1926.3,-1.586,0.0049591,0,3,0,5,6,0,9,5,0
109.51,9.9022,3,6.0938,-1.8242,1923.5,-1.5853,0.0049511,0,3,0,5,6,0,9,5,0
109.52,9.8856,3,6.0875,-1.815,1920.7,-1.5845,0.014828,0,3,0,5,6,0,9,5,0
109.52,9.8668,3,6.0812,-1.8065,1917.9,-1.5837,0.024667,0,3,0,5,6,0,9,5,0
109.53,9.8493,3,6.075,-1.7988,1915.1,-1.583,-0.014774,0,3,0,5,6,0,9,5,0
109.54,9.8308,3,6.0688,-1.7919,1912.4,-1.5822,0.0049154,0,3,0,5,6,0,9,5,0
109.56,9.8122,3,6.0625,-1.786,1909.6,-1.5815,-0.014718,0,3,0,5,6,0,9,5,0
109.56,9.7964,3,6.0563,-1.7808,1906.9,-1.5808,-0.014695,0,3,0,5,6,0,9,5,0
109.58,9.7772,3,6.05,-1.7764,1904.2,-1.5801,-0.014666,0,3,0,5,6,0,9,5,0
109.58,9.757,3,6.0438,-1.7726,1901.5,-1.5792,-0.014636,0,3,0,5,6,0,9,5,0
109.6,9.7368,3,6.0375,-1.77,1898.8,-1.5785,-0.024342,0,3,0,5,6,0,9,5,0
109.6,9.7222,3,6.0313,-1.7675,1896.1,-1.5778,-0.034028,0,3,0,5,6,0,9,5,0
109.62,9.7084,3,6.025,-1.765,1893.4,-1.5771,-0.043688,0,3,0,5,6,0,9,5,0
109.62,9.6938,3,6.0188,-1.7623,1890.8,-1.5765,-0.043622,0,3,0,5,6,0,9,5,0
109.64,9.6798,3,6.0126,-1.7592,1888.1,-1.5758,-0.043559,0,3,0,5,6,0,9,5,0
109.64,9.6634,3,6.0063,-1.7554,1885.5,-1.5752,-0.033822,0,3,0,5,6,0,9,5,0
109.65,9.6563,3,6.0001,-1.7508,1882.9,-1.5745,-0.033797,0,3,0,5,6,0,9,5,0
109.66,9.6415,3,5.9939,-1.7454,1880.3,-1.5738,-0.033745,0,3,0,5,6,0,9,5,0
109.67,9.6279,3,5.9876,-1.7391,1877.7,-1.5732,-0.0048139,0,3,0,5,6,0,9,5,0
109.68,9.6159,3,5.9814,-1.732,1875.1,-1.5725,-0.0048079,0,3,0,5,6,0,9,5,0
109.69,9.6051,3,5.9752,-1.724,1872.5,-1.5718,-0.014408,0,3,0,5,6,0,9,5,0
109.7,9.5944,3,5.9689,-1.7154,1869.9,-1.5712,-0.014392,0,3,0,5,6,0,9,5,0
109.71,9.5782,3,5.9627,-1.7061,1867.3,-1.5705,0.0047891,0,3,0,5,6,0,9,5,0
109.72,9.5666,3,5.9565,-1.6964,1864.6,-1.5699,0.0047833,0,3,0,5,6,0,9,5,0
109.73,9.5569,3,5.9503,-1.6867,1862.0,-1.5693,-0.0047785,0,3,0,5,6,0,9,5,0
109.74,9.5447,3,5.9441,-1.6769,1859.4,-1.5686,-0.0047723,0,3,0,5,6,0,9,5,0
109.75,9.529,3,5.9379,-1.667,1856.8,-1.624,-0.0047645,0,3,0,5,6,0,9,5,0
109.76,9.5206,3,5.9316,-1.657,1854.2,-1.6241,-0.0047603,0,3,0,5,6,0,9,5,0
109.77,9.5052,3,5.9254,-1.6472,1851.6,-1.6242,-0.023763,0,3,0,5,6,0,9,5,0
109.78,9.4966,3,5.9192,-1.6377,1849.0,-1.6243,-0.023742,0,3,0,5,6,0,9,5,0
109.79,9.4811,3,5.913,-1.6286,1846.4,-1.6244,-0.042665,0,3,0,5,6,0,9,5,0
109.8,9.4657,3,5.9068,-1.62,1843.7,-1.6245,-0.042596,0,3,0,5,6,0,9,5,0
109.82,9.4551,3,5.9006,-1.6121,1841.1,-1.6246,-0.023638,0,3,0,5,6,0,9,5,0
109.83,9.4428,3,5.8944,-1.605,1838.5,-1.6248,-0.023607,0,3,0,5,6,0,9,5,0
109.83,9.4257,3,5.8882,-1.5987,1835.8,-1.6249,-0.014139,0,3,0,5,6,0,9,5,0
109.84,9.4091,3,5.882,-1.5934,1833.1,-1.6251,-0.014114,0,3,0,5,6,0,9,5,0
109.85,9.3941,3,5.8758,-1.5891,1830.5,-1.6253,-0.0046971,0,3,0,5,6,0,9,5,0
109.86,9.3794,3,5.8696,-1.5858,1827.8,-1.6255,-0.0046897,0,3,0,5,6,0,9,5,0
109.87,9.3661,3,5.8634,-1.5833,1825.1,-1.6257,-0.023415,0,3,0,5,6,0,9,5,0
109.88,9.3483,3,5.8572,-1.5816,1822.4,-1.6259,-0.023371,0,3,0,5,6,0,9,5,0
109.9,9.335,3,5.8511,-1.5807,1819.7,-1.6261,-0.023337,0,3,0,5,6,0,9,5,0
109.91,9.3232,3,5.8449,-1.5802,1817.0,-1.6263,-0.023308,0,3,0,5,6,0,9,5,0
109.91,9.3109,3,5.8387,-1.5802,1814.2,-1.6266,-0.032588,0,3,0,5,6,0,9,5,0
109.93,9.2998,3,5.8325,-1.5803,1811.5,-1.6268,-0.032549,0,3,0,5,6,0,9,5,0
109.93,9.2877,3,5.8263,-1.5807,1808.7,-1.6271,-0.041795,0,3,0,5,6,0,9,5,0
109.94,9.2756,3,5.8201,-1.5811,1806.0,-1.6273,-0.04174,0,3,0,5,6,0,9,5,0
109.95,9.264,3,5.814,-1.5816,1803.2,-1.6276,-0.032424,0,3,0,5,6,0,9,5,0
109.96,9.2574,3,5.8078,-1.5821,1800.4,-1.6279,-0.032401,0,3,0,5,6,0,9,5,0
109.97,9.2444,3,5.8016,-1.5827,1797.7,-1.6282,-0.023111,0,3,0,5,6,0,9,5,0
109.98,9.2315,3,5.7955,-1.5834,1794.9,-1.776,-0.023079,0,3,0,5,6,0,9,5,0
109.99,9.2208,3,5.7893,-1.5843,1792.1,-1.7744,-0.050714,0,3,0,5,6,0,9,5,0
110.0,9.2089,3,5.7831,-1.5854,1789.2,-1.7729,-0.050649,0,3,0,5,6,0,9,5,0
110.01,9.1954,3,5.777,-1.5866,1786.4,-1.7714,-0.041379,0,3,0,5,6,0,9,5,0
110.02,9.1822,3,5.7708,-1.5881,1783.6,-1.7699,-0.04132,0,3,0,5,6,0,9,5,0
110.03,9.1699,3,5.7646,-1.5898,1780.7,-1.7684,-0.022925,0,3,0,5,6,0,9,5,0
110.04,9.1598,3,5.7585,-1.5916,1777.9,-1.767,-0.0229,0,3,0,5,6,0,9,5,0
110.05,9.1462,3,5.7523,-1.5935,1775.0,-1.7655,-0.032012,0,3,0,5,6,0,9,5,0
110.06,9.1313,3,5.7462,-1.5953,1772.2,-1.7641,-0.031959,0,3,0,5,6,0,9,5,0
110.07,9.1197,3,5.74,-1.597,1769.3,-1.7628,-0.041039,0,3,0,5,6,0,9,5,0
110.08,9.1034,3,5.7338,-1.5985,1766.4,-1.7614,-0.040965,0,3,0,5,6,0,9,5,0
110.09,9.0887,3,5.7277,-1.5996,1763.5,-1.7601,-0.022722,0,3,0,5,6,0,9,5,0
110.1,9.0782,3,5.7215,-1.6003,1760.6,-1.7588,-0.022695,0,3,0,5,6,0,9,5,0
110.11,9.0636,3,5.7154,-1.6007,1757.7,-1.7575,0.0045318,0,3,0,5,6,0,9,5,0
110.12,9.0476,3,5.7092,-1.6006,1754.8,-1.7563,0.0045238,0,3,0,5,6,0,9,5,0
110.13,9.0316,3,5.7031,-1.6003,1751.8,-1.7551,0.0045158,0,3,0,5,6,0,9,5,0
110.14,9.0169,3,5.6969,-1.5994,1748.9,-1.7538,0.0045084,0,3,0,5,6,0,9,5,0
110.15,9.0051,3,5.6908,-1.5984,1745.9,-1.7526,0.0045026,0,3,0,5,6,0,9,5,0
110.16,8.9896,3,5.6846,-1.5972,1743.0,-1.7515,0.0044948,0,3,0,5,6,0,9,5,0
110.17,8.9773,3,5.6785,-1.596,1740.0,-1.7503,-0.013466,0,3,0,5,6,0,9,5,0
110.18,8.9676,3,5.6723,-1.5949,1737.0,-1.7492,-0.013451,0,3,0,5,6,0,9,5,0
110.19,8.9548,3,5.6662,-1.5939,1734.0,-1.7482,-0.013432,0,3,0,5,6,0,9,5,0
110.2,8.9401,3,5.66,-1.5931,1731.0,-1.7471,-0.01341,0,3,0,5,6,0,9,5,0
110.21,8.9305,3,5.6538,-1.5924,1728.0,-1.7461,0.0044652,0,3,0,5,6,0,9,5,0
110.22,8.9207,3,5.6478,-1.5919,1725.0,-1.7451,0.0044603,0,3,0,5,6,0,9,5,0
110.23,8.9101,3,5.6419,-1.5917,1722.0,-1.7441,0.022275,0,3,0,5,6,0,9,5,0
110.24,8.8969,3,5.6361,-1.5911,1719.0,-1.7432,0.022242,0,3,0,5,6,0,9,5,0
110.25,8.8889,3,5.6304,-1.5907,1715.9,-1.7423,-0.0044444,0,3,0,5,6,0,9,5,0
110.26,8.876,3,5.6249,-1.5904,1712.9,-1.7414,-0.004438,0,3,0,5,6,0,9,5,0
110.27,8.8604,3,5.6195,-1.5901,1709.8,-1.7406,-0.013291,0,3,0,5,6,0,9,5,0
110.28,8.8452,3,5.6141,-1.5899,1706.7,-1.7398,-0.013268,0,3,0,5,6,0,9,5,0
110.29,8.8299,3,5.609,-1.5896,1703.6,-1.739,0.0044149,0,3,0,5,6,0,9,5,0
110.3,8.8169,3,5.6039,-1.5893,1700.6,-1.7383,0.0044085,0,3,0,5,6,0,9,5,0
110.31,8.8024,3,5.5989,-1.5889,1697.5,-1.7375,0.030808,0,3,0,5,6,0,9,5,0
110.33,8.7864,3,5.5941,-1.5882,1694.4,-1.7369,0.030752,0,3,0,5,6,0,9,5,0
110.33,8.7747,3,5.5894,-1.5875,1691.3,-1.7362,0.021937,0,3,0,5,6,0,9,5,0
110.35,8.7581,3,5.5848,-1.5865,1688.2,-1.7356,0.021895,0,3,0,5,6,0,9,5,0
110.35,8.7429,3,5.5804,-1.5854,1685.2,-1.735,0.0043715,0,3,0,5,6,0,9,5,0
110.36,8.7278,3,5.576,-1.5841,1682.1,-1.7344,0.0043639,0,3,0,5,6,0,9,5,0
110.37,8.7121,3,5.5718,-1.5828,1679.0,-1.7339,0.0043561,0,3,0,5,6,0,9,5,0
110.38,8.7002,3,5.5677,-1.5817,1675.9,-1.7334,0.0043501,0,3,0,5,6,0,9,5,0
110.4,8.6882,3,5.5637,-1.5808,1672.8,-1.6549,0.0043441,0,3,0,5,6,0,9,5,0
110.4,8.6742,3,5.5598,-1.5799,1669.8,-1.6535,0.0043371,0,3,0,5,6,0,9,5,0
110.41,8.6586,3,5.5561,-1.5793,1666.7,-1.6521,0.021646,0,3,0,5,6,0,9,5,0
110.42,8.6468,3,5.5525,-1.5788,1663.6,-1.6508,0.021617,0,3,0,5,6,0,9,5,0
110.43,8.6388,3,5.549,-1.5786,1660.5,-1.6495,0.0043194,0,3,0,5,6,0,9,5,0
110.44,8.6249,3,5.5456,-1.5785,1657.5,-1.6482,0.0043125,0,3,0,5,6,0,9,5,0
110.45,8.6154,3,5.5424,-1.5786,1654.4,-1.6469,0.0043077,0,3,0,5,6,0,9,5,0
110.46,8.6029,3,5.5392,-1.5787,1651.4,-1.6457,0.0043015,0,3,0,5,6,0,9,5,0
110.47,8.5937,3,5.5362,-1.5787,1648.5,-1.6445,0.0042969,0,3,0,5,6,0,9,5,0
110.48,8.5815,3,5.5333,-1.5785,1645.5,-1.6433,0.0042908,0,3,0,5,6,0,9,5,0
110.49,8.5701,3,5.5305,-1.578,1642.6,-1.6421,0.004285,0,3,0,5,6,0,9,5,0
110.5,8.563,3,5.5279,-1.5772,1639.7,-1.641,0.0042815,0,3,0,5,6,0,9,5,0
110.51,8.5512,3,5.5253,-1.5759,1636.8,-1.64,-0.012827,0,3,0,5,6,0,9,5,0
110.52,8.5328,3,5.5229,-1.5742,1634.0,-1.6389,-0.012799,0,3,0,5,6,0,9,5,0
110.53,8.5215,3,5.5206,-1.5721,1631.1,-1.6379,-0.021304,0,3,0,5,6,0,9,5,0
110.54,8.5116,3,5.5185,-1.5696,1628.3,-1.637,-0.021279,0,3,0,5,6,0,9,5,0
110.55,8.4992,3,5.5164,-1.5668,1625.6,-1.636,-0.012749,0,3,0,5,6,0,9,5,0
110.56,8.4844,3,5.5145,-1.5638,1622.8,-1.6351,-0.012727,0,3,0,5,6,0,9,5,0
110.57,8.4699,3,5.5127,-1.5607,1620.1,-1.6343,-0.021175,0,3,0,5,6,0,9,5,0
110.58,8.4582,3,5.511,-1.5577,1617.4,-1.6334,-0.021146,0,3,0,5,6,0,9,5,0
110.59,8.4438,3,5.5094,-1.5547,1614.8,-1.6327,-0.0042219,0,3,0,5,6,0,9,5,0
110.6,8.427,3,5.508,-1.552,1612.1,-1.6319,-0.0042135,0,3,0,5,6,0,9,5,0
110.61,8.4144,3,5.5066,-1.5495,1609.5,-1.6312,0.021036,0,3,0,5,6,0,9,5,0
110.62,8.4029,3,5.5054,-1.5473,1606.9,-1.6305,0.021007,0,3,0,5,6,0,9,5,0
110.63,8.3878,3,5.5043,-1.5453,1604.4,-1.7016,0.037745,0,3,0,5,6,0,9,5,0
110.64,8.3754,3,5.5034,-1.5434,1601.8,-1.7001,0.037689,0,3,0,5,6,0,9,5,0
110.65,8.3605,3,5.5025,-1.542,1599.3,-1.6987,0.062703,0,3,0,5,6,0,9,5,0
110.66,8.3458,3,5.5018,-1.5406,1596.8,-1.6973,0.062593,0,3,0,5,6,0,9,5,0
110.67,8.3346,3,5.5012,-1.539,1594.4,-1.6959,0.04584,0,3,0,5,6,0,9,5,0
110.68,8.3235,3,5.5007,-1.5373,1591.9,-1.6946,0.045779,0,3,0,5,6,0,9,5,0
110.69,8.3119,3,5.5004,-1.5352,1589.5,-1.6933,0.037404,0,3,0,5,6,0,9,5,0
110.7,8.2974,3,5.5001,-1.5328,1587.1,-1.6921,0.037338,0,3,0,5,6,0,9,5,0
110.71,8.2812,3,5.5,-1.5298,1584.8,-1.691,0.012422,0,3,0,5,6,0,9,5,0
110.72,8.2744,3,5.5,-1.5264,1582.5,-1.6898,0.012412,0,3,0,5,6,0,9,5,0
110.73,8.2645,3,5.5,-1.5224,1580.2,-1.6887,0.012397,0,3,0,5,6,0,9,5,0
110.75,8.2494,3,5.5,-1.5179,1577.9,-1.6877,0.012374,0,3,0,5,6,0,9,5,0
110.76,8.2367,3,5.5,-1.5129,1575.6,-1.6867,-0.012355,0,3,0,5,6,0,9,5,0
110.77,8.227,3,5.5,-1.5076,1573.4,-1.6858,-0.012341,0,3,0,5,6,0,9,5,0
110.78,8.2139,3,5.5,-1.5019,1571.2,-1.6849,-0.061604,0,3,0,5,6,0,9,5,0
110.78,8.2042,3,5.5,-1.4959,1569.0,-1.6841,-0.061532,0,3,0,5,6,0,9,5,0
110.79,8.1931,3,5.5,-1.4904,1566.9,-1.6834,-0.069641,0,3,0,5,6,0,9,5,0
110.8,8.1798,3,5.5,-1.4847,1564.8,-1.6827,-0.069528,0,3,0,5,6,0,9,5,0
110.81,8.1662,3,5.5,-1.4789,1562.7,-1.682,-0.069413,0,3,0,5,6,0,9,5,0
110.82,8.1566,3,5.5,-1.4731,1560.6,-1.6814,-0.069331,0,3,0,5,6,0,9,5,0
110.83,8.1423,3,5.5,-1.4671,1558.6,-1.6809,-0.093636,0,3,0,5,6,0,9,5,0
110.84,8.1263,3,5.5,-1.461,1556.5,-1.6804,-0.093453,0,3,0,5,6,0,9,5,0
110.85,8.1096,3,5.5,-1.4547,1554.6,-1.68,-0.012164,0,3,0,5,6,0,9,5,0
110.86,8.0963,3,5.5,-1.4481,1552.6,-1.6796,-0.012144,0,3,0,5,6,0,9,5,0
110.87,8.0887,3,5.5,-1.4411,1550.6,-1.6793,0.0040444,0,3,0,5,6,0,9,5,0
110.88,8.0704,3,5.4999,-1.4338,1548.7,-1.6791,0.0040352,0,3,0,5,6,0,9,5,0
110.89,8.0556,3,5.4996,-1.4259,1546.8,-1.6789,0.028194,0,3,0,5,6,0,9,5,0
110.9,8.0433,3,5.4993,-1.4176,1545.0,-1.6787,0.028151,0,3,0,5,6,0,9,5,0
110.91,8.0346,3,5.4988,-1.4091,1543.2,-1.6787,0.060259,0,3,0,5,6,0,9,5,0
110.92,8.0237,3,5.4982,-1.4002,1541.3,-1.6786,0.060177,0,3,0,5,6,0,9,5,0
110.93,8.0112,3,5.4974,-1.3912,1539.6,-1.6787,0.076107,0,3,0,5,6,0,9,5,0
110.94,7.9989,3,5.4966,-1.3822,1537.8,-1.6787,0.07599,0,3,0,5,6,0,9,5,0
110.95,7.9915,3,5.4956,-1.3732,1536.0,-1.6789,0.051945,0,3,0,5,6,0,9,5,0
110.96,7.9794,3,5.4945,-1.3643,1534.3,-1.6791,0.051866,0,3,0,5,6,0,9,5,0
110.97,7.969,3,5.4933,-1.3556,1532.5,-1.6794,0.011954,0,3,0,5,6,0,9,5,0
110.98,7.9603,3,5.4919,-1.347,1530.8,-1.6798,0.01194,0,3,0,5,6,0,9,5,0
110.99,7.9524,3,5.4904,-1.3384,1529.0,-1.6802,-0.0039762,0,3,0,5,6,0,9,5,0
111.0,7.9434,3,5.4888,-1.3298,1527.3,-1.6807,-0.0039717,0,3,0,5,6,0,9,5,0
111.01,7.9366,3,5.4871,-1.3211,1525.5,-1.6813,-0.035715,0,3,0,5,6,0,9,5,0
111.02,7.9293,3,5.4853,-1.3121,1523.7,-1.6819,-0.035682,0,3,0,5,6,0,9,5,0
111.03,7.9211,3,5.4833,-1.3024,1522.0,-1.6826,-0.059408,0,3,0,5,6,0,9,5,0
111.04,7.9112,3,5.4813,-1.2922,1520.2,-1.8519,-0.059334,0,3,0,5,6,0,9,5,0
111.05,7.9039,3,5.479,-1.2815,1518.5,-1.8549,-0.043472,0,3,0,5,6,0,9,5,0
111.06,7.8922,3,5.4767,-1.2703,1516.7,-1.8579,-0.043407,0,3,0,5,6,0,9,5,0
111.07,7.8804,3,5.4743,-1.2587,1514.9,-1.861,-0.066983,0,3,0,5,6,0,9,5,0
111.08,7.8727,3,5.4717,-1.2469,1513.2,-1.8642,-0.066918,0,3,0,5,6,0,9,5,0
111.09,7.8636,3,5.469,-1.2351,1511.4,-1.8674,-0.058977,0,3,0,5,6,0,9,5,0
111.1,7.85,3,5.4662,-1.2236,1509.7,-1.8708,-0.058875,0,3,0,5,6,0,9,5,0
111.11,7.837,3,5.4632,-1.2127,1507.9,-1.8742,-0.097962,0,3,0,5,6,0,9,5,0
111.12,7.8255,3,5.4602,-1.2025,1506.2,-1.8777,-0.097818,0,3,0,5,6,0,9,5,0
111.13,7.8215,3,5.457,-1.1934,1504.5,-1.8812,-0.11341,0,3,0,5,6,0,9,5,0
111.14,7.8094,3,5.4537,-1.1855,1502.7,-1.8849,-0.11324,0,3,0,5,6,0,9,5,0
111.15,7.8014,3,5.4502,-1.1789,1501.0,-1.8886,-0.12872,0,3,0,5,6,0,9,5,0
111.16,7.7927,3,5.4467,-1.1735,1499.3,-1.8924,-0.12858,0,3,0,5,6,0,9,5,0
111.17,7.7835,3,5.443,-1.1693,1497.5,-1.8963,-0.17513,0,3,0,5,6,0,9,5,0
111.18,7.7759,3,5.4392,-1.1661,1495.8,-1.9003,-0.17496,0,3,0,5,6,0,9,5,0
111.19,7.767,3,5.4353,-1.1637,1494.1,-1.9043,-0.15922,0,3,0,5,6,0,9,5,0
111.2,7.7644,3,5.4312,-1.1618,1492.4,-1.9084,-0.15917,0,3,0,5,6,0,9,5,0
111.21,7.7571,3,5.4271,-1.1603,1490.7,-1.9126,-0.15126,0,3,0,5,6,0,9,5,0
111.22,7.7504,3,5.4228,-1.1589,1489.0,-1.9169,-0.15113,0,3,0,5,6,0,9,5,0
111.23,7.7453,3,5.4184,-1.1574,1487.3,-1.9212,-0.17427,0,3,0,5,6,0,9,5,0
111.24,7.733,3,5.4138,-1.1557,1485.6,-1.9257,-0.17399,0,3,0,5,6,0,9,5,0
111.25,7.7276,3,5.4092,-1.1538,1483.9,-1.9302,-0.16614,0,3,0,5,6,0,9,5,0
111.26,7.7234,3,5.4044,-1.1518,1482.2,-1.9347,-0.16605,0,3,0,5,6,0,9,5,0
111.27,7.7121,3,5.3995,-1.1496,1480.5,-1.9394,-0.12725,0,3,0,5,6,0,9,5,0
111.28,7.706,3,5.3945,-1.1475,1478.8,-1.8637,-0.12715,0,3,0,5,6,0,9,5,0
111.29,7.6989,3,5.3893,-1.1455,1477.2,-1.8695,-0.10394,0,3,0,5,6,0,9,5,0
111.3,7.6918,3,5.3841,-1.1434,1475.5,-1.8754,-0.10384,0,3,0,5,6,0,9,5,0
111.31,7.682,3,5.3787,-1.1419,1473.8,-1.8814,-0.080661,0,3,0,5,6,0,9,5,0
111.32,7.6761,3,5.3732,-1.1411,1472.1,-1.8874,-0.080599,0,3,0,5,6,0,9,5,0
111.33,7.6741,3,5.3675,-1.1412,1470.5,-1.8935,-0.080578,0,3,0,5,6,0,9,5,0
111.34,7.6678,3,5.3618,-1.1422,1468.8,-1.8997,-0.080512,0,3,0,5,6,0,9,5,0
111.35,7.6591,3,5.3559,-1.1442,1467.2,-1.906,-0.042125,0,3,0,5,6,0,9,5,0
111.36,7.6548,3,5.3499,-1.1471,1465.5,-1.9123,-0.042101,0,3,0,5,6,0,9,5,0
111.37,7.6493,3,5.3438,-1.1511,1463.9,-1.9187,-0.011474,0,3,0,5,6,0,9,5,0
111.38,7.6402,3,5.3375,-1.1558,1462.2,-1.9252,-0.01146,0,3,0,5,6,0,9,5,0
111.39,7.6302,3,5.3312,-1.1614,1460.6,-1.9318,-0.0038151,0,3,0,5,6,0,9,5,0
111.4,7.621,3,5.325,-1.1675,1458.9,-1.9384,-0.0038105,0,3,0,5,6,0,9,5,0
111.41,7.6096,3,5.3188,-1.1742,1457.3,-1.9451,-0.019024,0,3,0,5,6,0,9,5,0
111.42,7.6008,3,5.3125,-1.1813,1455.7,-1.9519,-0.019002,0,3,0,5,6,0,9,5,0
111.43,7.5877,3,5.3062,-1.1883,1454.0,-1.9587,-0.041732,0,3,0,5,6,0,9,5,0
111.44,7.5786,3,5.3,-1.1955,1452.4,-1.9654,-0.041682,0,3,0,5,6,0,9,5,0
111.45,7.5678,3,5.2938,-1.2027,1450.8,-1.9723,-0.094597,0,3,0,5,6,0,9,5,0
111.46,7.5564,3,5.2875,-1.21,1449.2,-1.9793,-0.094455,0,3,0,5,6,0,9,5,0
111.47,7.548,3,5.2813,-1.2173,1447.6,-1.9864,-0.086802,0,3,0,5,6,0,9,5,0
111.48,7.5409,3,5.275,-1.2246,1446.0,-1.9935,-0.08672,0,3,0,5,6,0,9,5,0
111.49,7.5347,3,5.2687,-1.232,1444.4,-2.0007,-0.079114,0,3,0,5,6,0,9,5,0
111.5,7.529,3,5.2625,-1.2394,1442.8,-2.0079,-0.079055,0,3,0,5,6,0,9,5,0
111.51,7.5252,3,5.2563,-1.247,1441.2,-2.0152,-0.056439,0,3,0,5,6,0,9,5,0
111.52,7.5177,3,5.2501,-1.2547,1439.6,-2.0225,-0.056383,0,3,0,5,6,0,9,5,0
111.53,7.5086,3,5.2441,-1.2625,1438.0,-2.03,-0.02628,0,3,0,5,6,0,9,5,0
111.54,7.5043,3,5.2382,-1.2707,1436.4,-2.0375,-0.026265,0,3,0,5,6,0,9,5,0
111.55,7.5,3,5.2325,-1.279,1434.8,-2.045,-0.00375,0,3,0,5,6,0,9,5,0
111.56,7.4906,3,5.2268,-1.2873,1433.3,-2.0526,-0.0037453,0,3,0,5,6,0,9,5,0
111.57,7.4789,3,5.2213,-1.2954,1431.7,-2.0602,-0.0037395,0,3,0,5,6,0,9,5,0
111.58,7.4699,3,5.2159,-1.3034,1430.1,-2.0679,-0.0037349,0,3,0,5,6,0,9,5,0
111.6,7.4625,3,5.2107,-1.3111,1428.6,-2.0757,0.0037313,0,3,0,5,6,0,9,5,0
111.61,7.4459,3,5.2055,-1.3184,1427.0,-2.0835,0.0037229,0,3,0,5,6,0,9,5,0
111.61,7.4358,3,5.2005,-1.3253,1425.4,-2.0913,0.018589,0,3,0,5,6,0,9,5,0
111.62,7.4243,3,5.1956,-1.3319,1423.9,-2.0993,0.018561,0,3,0,5,6,0,9,5,0
111.63,7.4067,3,5.1908,-1.3381,1422.3,-2.1072,0.025924,0,3,0,5,6,0,9,5,0
111.64,7.3948,3,5.1862,-1.3441,1420.7,-2.1153,0.025882,0,3,0,5,6,0,9,5,0
111.65,7.3867,3,5.1816,-1.35,1419.2,-2.1234,0.03324,0,3,0,5,6,0,9,5,0
111.66,7.3769,3,5.1772,-1.356,1417.6,-2.1315,0.033196,0,3,0,5,6,0,9,5,0
111.67,7.3608,3,5.1729,-1.3621,1416.0,-2.1397,0.047845,0,3,0,5,6,0,9,5,0
111.68,7.3501,3,5.1687,-1.3685,1414.5,-2.0657,0.047776,0,3,0,5,6,0,9,5,0
111.69,7.3415,3,5.1647,-1.3752,1412.9,-2.073,0.062403,0,3,0,5,6,0,9,5,0
111.7,7.3307,3,5.1608,-1.3821,1411.3,-2.0803,0.062311,0,3,0,5,6,0,9,5,0
111.71,7.317,3,5.157,-1.3891,1409.8,-2.0876,0.062194,0,3,0,5,6,0,9,5,0
111.72,7.3093,3,5.1533,-1.3959,1408.2,-2.095,0.062129,0,3,0,5,6,0,9,5,0
111.73,7.3,3,5.1498,-1.4022,1406.6,-2.1024,0.06205,0,3,0,5,6,0,9,5,0
111.74,7.287,3,5.1463,-1.4076,1405.1,-2.1099,0.06194,0,3,0,5,6,0,9,5,0
111.75,7.2768,3,5.143,-1.4117,1403.6,-2.1174,0.076407,0,3,0,5,6,0,9,5,0
111.76,7.2665,3,5.1398,-1.4139,1402.1,-2.1249,0.076299,0,3,0,5,6,0,9,5,0
111.77,7.2586,3,5.1368,-1.414,1400.7,-2.1325,0.083474,0,3,0,5,6,0,9,5,0
111.78,7.2487,3,5.1338,-1.4117,1399.3,-2.1401,0.08336,0,3,0,5,6,0,9,5,0
111.79,7.2363,3,5.131,-1.4069,1397.9,-2.1478,0.068745,0,3,0,5,6,0,9,5,0
111.8,7.2263,3,5.1283,-1.3996,1396.6,-2.1554,0.06865,0,3,0,5,6,0,9,5,0
111.81,7.2131,3,5.1257,-1.3898,1395.2,-2.1632,0.054098,0,3,0,5,6,0,9,5,0
111.82,7.2003,3,5.1233,-1.3779,1394.0,-2.1709,0.054003,0,3,0,5,6,0,9,5,0
111.83,7.1944,3,5.121,-1.3641,1392.7,-2.1787,0.082735,0,3,0,5,6,0,9,5,0
111.84,7.1872,3,5.1187,-1.3488,1391.5,-2.1866,0.082653,0,3,0,5,6,0,9,5,0
111.85,7.1742,3,5.1167,-1.3324,1390.3,-2.1944,0.046633,0,3,0,5,6,0,9,5,0
111.86,7.158,3,5.1147,-1.3152,1389.2,-2.2023,0.046527,0,3,0,5,6,0,9,5,0
111.87,7.1485,3,5.1129,-1.2974,1388.0,-2.2102,0.046465,0,3,0,5,6,0,9,5,0
111.88,7.1412,3,5.1112,-1.2791,1386.9,-2.2182,0.046418,0,3,0,5,6,0,9,5,0
111.89,7.1332,3,5.1096,-1.2604,1385.9,-2.2262,0.0321,0,3,0,5,6,0,9,5,0
111.9,7.1254,3,5.1081,-1.2411,1384.9,-2.2342,0.032064,0,3,0,5,6,0,9,5,0
111.91,7.1118,3,5.1067,-1.221,1383.9,-2.2423,0.017779,0,3,0,5,6,0,9,5,0
111.92,7.0979,3,5.1055,-1.1999,1382.9,-2.2504,0.017745,0,3,0,5,6,0,9,5,0
111.93,7.0877,3,5.1044,-1.1773,1382.0,-2.2207,0.031895,0,3,0,5,6,0,9,5,0
111.94,7.0767,3,5.1034,-1.1534,1381.1,-2.2293,0.031845,0,3,0,5,6,0,9,5,0
111.95,7.0638,3,5.1026,-1.1275,1380.2,-2.238,0.067106,0,3,0,5,6,0,9,5,0
111.96,7.0491,3,5.1018,-1.0994,1379.4,-2.2466,0.066966,0,3,0,5,6,0,9,5,0
111.97,7.0368,3,5.1012,-1.0692,1378.5,-2.2553,0.080924,0,3,0,5,6,0,9,5,0
111.98,7.0271,3,5.1007,-1.0368,1377.8,-2.264,0.080812,0,3,0,5,6,0,9,5,0
111.99,7.0105,3,5.1004,-1.0025,1377.0,-2.2728,0.10165,0,3,0,5,6,0,9,5,0
112.01,6.9976,3,5.1001,-0.96639,1376.3,-2.2815,0.10147,0,3,0,5,6,0,9,5,0
112.02,6.989,3,5.1,-0.92896,1375.6,-2.2903,0.080373,0,3,0,5,6,0,9,5,0
112.03,6.9843,3,5.1,-0.8906,1375.0,-2.2991,0.080319,0,3,0,5,6,0,9,5,0
112.04,6.9797,3,5.1,-0.85173,1374.4,-2.3079,0.066308,0,3,0,5,6,0,9,5,0
112.04,6.9757,3,5.1,-0.8128,1373.8,-2.3167,0.066269,0,3,0,5,6,0,9,5,0
112.05,6.9758,3,5.1,-0.77419,1373.2,-2.3255,0.080222,0,3,0,5,6,0,9,5,0
112.06,6.9765,3,5.1,-0.73623,1372.7,-2.3343,0.08023,0,3,0,5,6,0,9,5,0
112.07,6.9751,3,5.1,-0.69918,1372.2,-2.3432,0.10811,0,3,0,5,6,0,9,5,0
112.08,6.9734,3,5.1,-0.66305,1371.8,-2.3522,0.10809,0,3,0,5,6,0,9,5,0
112.09,6.9765,3,5.1,-0.628,1371.3,-2.3611,0.12907,0,3,0,5,6,0,9,5,0
112.1,6.9775,3,5.1,-0.59397,1370.9,-2.37,0.12908,0,3,0,5,6,0,9,5,0
112.11,6.9771,3,5.1,-0.56082,1370.6,-2.379,0.12908,0,3,0,5,6,0,9,5,0
112.12,6.9729,3,5.1,-0.52831,1370.2,-2.3879,0.129,0,3,0,5,6,0,9,5,0
112.13,6.97,3,5.1,-0.49617,1369.9,-2.3969,0.14289,0,3,0,5,6,0,9,5,0
112.14,6.9669,3,5.1,-0.4641,1369.7,-2.4058,0.14282,0,3,0,5,6,0,9,5,0
112.15,6.9623,3,5.1,-0.43182,1369.4,-2.4148,0.12184,0,3,0,5,6,0,9,5,0
112.16,6.9582,3,5.1,-0.3991,1369.2,-2.4238,0.12177,0,3,0,5,6,0,9,5,0
112.17,6.9602,3,5.1,-0.36579,1369.1,-2.4328,0.16357,0,3,0,5,6,0,9,5,0
112.18,6.9553,3,5.1,-0.33184,1368.9,-2.4418,0.16345,0,3,0,5,6,0,9,5,0
112.19,6.9444,3,5.1,-0.29744,1368.8,-2.4508,0.18403,0,3,0,5,6,0,9,5,0
112.2,6.9478,3,5.1,-0.26268,1368.7,-2.4599,0.18412,0,3,0,5,6,0,9,5,0
112.21,6.9641,3,5.1,-0.22788,1368.7,-2.4689,0.21937,0,3,0,5,6,0,9,5,0
112.22,6.9748,3,5.1,-0.19346,1368.7,-2.478,0.21971,0,3,0,5,6,0,9,5,0
112.23,6.9791,3,5.1,-0.15994,1368.7,-2.487,0.2338,0,3,0,5,6,0,9,5,0
112.24,6.9894,3,5.1,-0.12783,1368.7,-2.4961,0.23414,0,3,0,5,6,0,9,5,0
112.25,6.9977,3,5.1,-0.097655,1368.8,-2.5051,0.27641,0,3,0,5,6,0,9,5,0
112.26,7.0072,3,5.1,-0.069845,1368.8,-2.5142,0.27679,0,3,0,5,6,0,9,5,0
112.27,7.0181,3,5.1,-0.044733,1368.9,-2.5233,0.27722,0,3,0,5,6,0,9,5,0
112.28,7.0283,3,5.1,-0.022505,1368.9,-2.5323,0.27762,0,3,0,5,6,0,9,5,0
112.29,7.0333,3,5.1,-0.0031853,1369.0,-2.5414,0.25672,0,3,0,5,6,0,9,5,0
112.3,7.0458,3,5.1,0.01337,1369.0,-2.5504,0.25717,0,3,0,5,6,0,9,5,0
112.32,7.0565,3,5.1,0.027449,1369.0,-2.5595,0.22228,0,3,0,5,6,0,9,5,0
112.32,7.065,3,5.1,0.03924,1369.1,-2.5685,0.22255,0,3,0,5,6,0,9,5,0
112.33,7.0705,3,5.1,0.049429,1369.1,-2.5398,0.16616,0,3,0,5,6,0,9,5,0
112.34,7.08,3,5.1,0.058496,1369.2,-2.5484,0.16638,0,3,0,5,6,0,9,5,0
112.35,7.0893,3,5.1,0.066871,1369.2,-2.557,0.10988,0,3,0,5,6,0,9,5,0
112.36,7.0961,3,5.1,0.074884,1369.3,-2.5655,0.10999,0,3,0,5,6,0,9,5,0
112.37,7.102,3,5.1,0.082726,1369.3,-2.5741,0.088775,0,3,0,5,6,0,9,5,0
112.38,7.1129,3,5.1,0.09042,1369.4,-2.5826,0.088912,0,3,0,5,6,0,9,5,0
112.39,7.1167,3,5.1,0.097816,1369.4,-2.5912,0.096075,0,3,0,5,6,0,9,5,0
112.4,7.1238,3,5.1,0.10461,1369.3,-2.5997,0.096172,0,3,0,5,6,0,9,5,0
112.41,7.1269,3,5.1,0.11037,1369.3,-2.6082,0.11047,0,3,0,5,6,0,9,5,0
112.43,7.1309,3,5.1,0.11457,1369.2,-2.6167,0.11053,0,3,0,5,6,0,9,5,0
112.44,7.1401,3,5.1,0.11669,1369.1,-2.6252,0.13923,0,3,0,5,6,0,9,5,0
112.44,7.1469,3,5.1,0.11621,1369.0,-2.6337,0.13936,0,3,0,5,6,0,9,5,0
112.46,7.1525,3,5.1,0.11271,1368.9,-2.6422,0.15378,0,3,0,5,6,0,9,5,0
112.47,7.1554,3,5.1,0.10589,1368.8,-2.6507,0.15384,0,3,0,5,6,0,9,5,0
112.47,7.1601,3,5.1,0.095601,1368.6,-2.6591,0.16826,0,3,0,5,6,0,9,5,0
112.49,7.1661,3,5.1,0.081852,1368.4,-2.6676,0.1684,0,3,0,5,6,0,9,5,0
112.5,7.1753,3,5.1,0.06482,1368.2,-2.676,0.14709,0,3,0,5,6,0,9,5,0
112.51,7.1864,3,5.1,0.044817,1367.9,-2.6844,0.14732,0,3,0,5,6,0,9,5,0
